0 verbose cli /usr/local/bin/node /usr/local/bin/npm
1 info using npm@11.13.0
2 info using node@v24.16.0
3 silly config load:file:/usr/local/lib/node_modules/npm/npmrc
4 silly config load:file:/Users/jaysharma/Desktop/EDBA Vishal Website/.npmrc
5 silly config load:file:/Users/jaysharma/.npmrc
6 silly config load:file:/usr/local/etc/npmrc
7 verbose title npm install
8 verbose argv "install" "--cache" "./.npm-cache"
9 verbose logfile logs-max:10 dir:/Users/jaysharma/Desktop/EDBA Vishal Website/.npm-cache/_logs/2026-06-02T11_00_26_916Z-
10 verbose logfile /Users/jaysharma/Desktop/EDBA Vishal Website/.npm-cache/_logs/2026-06-02T11_00_26_916Z-debug-0.log
11 silly logfile done cleaning log files
12 silly packumentCache heap:4496293888 maxSize:1124073472 maxEntrySize:562036736
13 silly idealTree buildDeps
14 silly fetch manifest lucide-react@^1.17.0
15 silly packumentCache full:https://registry.npmjs.org/lucide-react cache-miss
16 http cache https://registry.npmjs.org/lucide-react 7ms (cache hit)
17 silly packumentCache full:https://registry.npmjs.org/lucide-react set size:2269186 disposed:false
18 silly fetch manifest react@19.2.4
19 silly packumentCache full:https://registry.npmjs.org/react cache-miss
20 http cache https://registry.npmjs.org/react 5ms (cache hit)
21 silly packumentCache full:https://registry.npmjs.org/react set size:6679468 disposed:false
22 silly fetch manifest next@16.2.7
23 silly packumentCache full:https://registry.npmjs.org/next cache-miss
24 http cache https://registry.npmjs.org/next 27ms (cache hit)
25 silly packumentCache full:https://registry.npmjs.org/next set size:30597393 disposed:false
26 silly fetch manifest @opentelemetry/api@^1.1.0
27 silly packumentCache full:https://registry.npmjs.org/@opentelemetry%2fapi cache-miss
28 http cache https://registry.npmjs.org/@opentelemetry%2fapi 4ms (cache hit)
29 silly packumentCache full:https://registry.npmjs.org/@opentelemetry%2fapi set size:272967 disposed:false
30 silly fetch manifest @playwright/test@^1.51.1
31 silly packumentCache full:https://registry.npmjs.org/@playwright%2ftest cache-miss
32 http cache https://registry.npmjs.org/@playwright%2ftest 9ms (cache hit)
33 silly packumentCache full:https://registry.npmjs.org/@playwright%2ftest set size:9173467 disposed:false
34 silly fetch manifest babel-plugin-react-compiler@*
35 silly packumentCache full:https://registry.npmjs.org/babel-plugin-react-compiler cache-miss
36 http cache https://registry.npmjs.org/babel-plugin-react-compiler 3ms (cache hit)
37 silly packumentCache full:https://registry.npmjs.org/babel-plugin-react-compiler set size:1356999 disposed:false
38 silly fetch manifest react-dom@19.2.4
39 silly packumentCache full:https://registry.npmjs.org/react-dom cache-miss
40 http cache https://registry.npmjs.org/react-dom 8ms (cache hit)
41 silly packumentCache full:https://registry.npmjs.org/react-dom set size:8915576 disposed:false
42 silly fetch manifest sass@^1.3.0
43 silly packumentCache full:https://registry.npmjs.org/sass cache-miss
44 http cache https://registry.npmjs.org/sass 4ms (cache hit)
45 silly packumentCache full:https://registry.npmjs.org/sass set size:728345 disposed:false
46 silly fetch manifest @tailwindcss/postcss@^4
47 silly packumentCache full:https://registry.npmjs.org/@tailwindcss%2fpostcss cache-miss
48 http cache https://registry.npmjs.org/@tailwindcss%2fpostcss 3ms (cache hit)
49 silly packumentCache full:https://registry.npmjs.org/@tailwindcss%2fpostcss set size:2286300 disposed:false
50 silly fetch manifest @types/node@^20
51 silly packumentCache full:https://registry.npmjs.org/@types%2fnode cache-miss
52 http cache https://registry.npmjs.org/@types%2fnode 10ms (cache hit)
53 silly packumentCache full:https://registry.npmjs.org/@types%2fnode set size:11015753 disposed:false
54 silly fetch manifest @types/react@^19
55 silly packumentCache full:https://registry.npmjs.org/@types%2freact cache-miss
56 http cache https://registry.npmjs.org/@types%2freact 4ms (cache hit)
57 silly packumentCache full:https://registry.npmjs.org/@types%2freact set size:2623728 disposed:false
58 silly fetch manifest @types/react-dom@^19
59 silly packumentCache full:https://registry.npmjs.org/@types%2freact-dom cache-miss
60 http cache https://registry.npmjs.org/@types%2freact-dom 2ms (cache hit)
61 silly packumentCache full:https://registry.npmjs.org/@types%2freact-dom set size:429026 disposed:false
62 silly fetch manifest eslint@^9
63 silly packumentCache full:https://registry.npmjs.org/eslint cache-miss
64 http cache https://registry.npmjs.org/eslint 2ms (cache hit)
65 silly packumentCache full:https://registry.npmjs.org/eslint set size:2004222 disposed:false
66 silly fetch manifest jiti@*
67 silly packumentCache full:https://registry.npmjs.org/jiti cache-miss
68 http cache https://registry.npmjs.org/jiti 3ms (cache hit)
69 silly packumentCache full:https://registry.npmjs.org/jiti set size:387989 disposed:false
70 silly fetch manifest eslint-config-next@16.2.7
71 silly packumentCache full:https://registry.npmjs.org/eslint-config-next cache-miss
72 http cache https://registry.npmjs.org/eslint-config-next 7ms (cache hit)
73 silly packumentCache full:https://registry.npmjs.org/eslint-config-next set size:6730158 disposed:false
74 silly fetch manifest typescript@^5
75 silly packumentCache full:https://registry.npmjs.org/typescript cache-miss
76 http cache https://registry.npmjs.org/typescript 11ms (cache hit)
77 silly packumentCache full:https://registry.npmjs.org/typescript set size:15409943 disposed:false
78 silly fetch manifest tailwindcss@^4
79 silly packumentCache full:https://registry.npmjs.org/tailwindcss cache-miss
80 http cache https://registry.npmjs.org/tailwindcss 10ms (cache hit)
81 silly packumentCache full:https://registry.npmjs.org/tailwindcss set size:10587110 disposed:false
82 silly placeDep ROOT @tailwindcss/postcss@4.3.0 OK for: edba-website@0.1.0 want: ^4
83 silly placeDep ROOT @types/node@20.19.41 OK for: edba-website@0.1.0 want: ^20
84 silly placeDep ROOT @types/react@19.2.16 OK for: edba-website@0.1.0 want: ^19
85 silly placeDep ROOT @types/react-dom@19.2.3 OK for: edba-website@0.1.0 want: ^19
86 silly placeDep ROOT eslint@9.39.4 OK for: edba-website@0.1.0 want: ^9
87 silly placeDep ROOT eslint-config-next@16.2.7 OK for: edba-website@0.1.0 want: 16.2.7
88 silly placeDep ROOT lucide-react@1.17.0 OK for: edba-website@0.1.0 want: ^1.17.0
89 silly placeDep ROOT react@19.2.4 OK for: lucide-react@1.17.0 want: ^16.5.1 || ^17.0.0 || ^18.0.0 || ^19.0.0
90 silly placeDep ROOT next@16.2.7 OK for: edba-website@0.1.0 want: 16.2.7
91 silly placeDep ROOT react-dom@19.2.4 OK for: next@16.2.7 want: ^18.2.0 || 19.0.0-rc-de68d2f4-20241204 || ^19.0.0
92 silly placeDep ROOT tailwindcss@4.3.0 OK for: edba-website@0.1.0 want: ^4
93 silly placeDep ROOT typescript@5.9.3 OK for: edba-website@0.1.0 want: ^5
94 silly fetch manifest postcss@^8.5.10
95 silly packumentCache full:https://registry.npmjs.org/postcss cache-miss
96 silly fetch manifest tailwindcss@4.3.0
97 silly packumentCache full:https://registry.npmjs.org/tailwindcss cache-miss
98 silly fetch manifest @alloc/quick-lru@^5.2.0
99 silly packumentCache full:https://registry.npmjs.org/@alloc%2fquick-lru cache-miss
100 silly fetch manifest @tailwindcss/node@4.3.0
101 silly packumentCache full:https://registry.npmjs.org/@tailwindcss%2fnode cache-miss
102 silly fetch manifest @tailwindcss/oxide@4.3.0
103 silly packumentCache full:https://registry.npmjs.org/@tailwindcss%2foxide cache-miss
104 silly fetch manifest undici-types@~6.21.0
105 silly packumentCache full:https://registry.npmjs.org/undici-types cache-miss
106 silly fetch manifest csstype@^3.2.2
107 silly packumentCache full:https://registry.npmjs.org/csstype cache-miss
108 silly fetch manifest ajv@^6.14.0
109 silly packumentCache full:https://registry.npmjs.org/ajv cache-miss
110 silly fetch manifest chalk@^4.0.0
111 silly packumentCache full:https://registry.npmjs.org/chalk cache-miss
112 http cache https://registry.npmjs.org/@alloc%2fquick-lru 3ms (cache hit)
113 silly packumentCache full:https://registry.npmjs.org/@alloc%2fquick-lru set size:7269 disposed:false
114 silly fetch manifest debug@^4.3.2
115 silly packumentCache full:https://registry.npmjs.org/debug cache-miss
116 http cache https://registry.npmjs.org/@tailwindcss%2fnode 5ms (cache hit)
117 silly packumentCache full:https://registry.npmjs.org/@tailwindcss%2fnode set size:2154098 disposed:false
118 silly fetch manifest espree@^10.4.0
119 silly packumentCache full:https://registry.npmjs.org/espree cache-miss
120 http cache https://registry.npmjs.org/postcss 9ms (cache hit)
121 silly packumentCache full:https://registry.npmjs.org/postcss set size:723316 disposed:false
122 silly fetch manifest ignore@^5.2.0
123 silly packumentCache full:https://registry.npmjs.org/ignore cache-miss
124 http cache https://registry.npmjs.org/tailwindcss 17ms (cache hit)
125 silly packumentCache full:https://registry.npmjs.org/tailwindcss set size:10587110 disposed:false
126 silly fetch manifest esquery@^1.5.0
127 silly packumentCache full:https://registry.npmjs.org/esquery cache-miss
128 http cache https://registry.npmjs.org/undici-types 36ms (cache hit)
129 silly packumentCache full:https://registry.npmjs.org/undici-types set size:220473 disposed:false
130 silly fetch manifest esutils@^2.0.2
131 silly packumentCache full:https://registry.npmjs.org/esutils cache-miss
132 http cache https://registry.npmjs.org/chalk 40ms (cache hit)
133 silly packumentCache full:https://registry.npmjs.org/chalk set size:117861 disposed:false
134 silly fetch manifest find-up@^5.0.0
135 silly packumentCache full:https://registry.npmjs.org/find-up cache-miss
136 http cache https://registry.npmjs.org/@tailwindcss%2foxide 43ms (cache hit)
137 silly packumentCache full:https://registry.npmjs.org/@tailwindcss%2foxide set size:4464061 disposed:false
138 silly fetch manifest is-glob@^4.0.0
139 silly packumentCache full:https://registry.npmjs.org/is-glob cache-miss
140 http cache https://registry.npmjs.org/csstype 51ms (cache hit)
141 silly packumentCache full:https://registry.npmjs.org/csstype set size:274189 disposed:false
142 silly fetch manifest minimatch@^3.1.5
143 silly packumentCache full:https://registry.npmjs.org/minimatch cache-miss
144 http cache https://registry.npmjs.org/ajv 52ms (cache hit)
145 silly packumentCache full:https://registry.npmjs.org/ajv set size:1142658 disposed:false
146 silly fetch manifest @eslint/js@9.39.4
147 silly packumentCache full:https://registry.npmjs.org/@eslint%2fjs cache-miss
148 http cache https://registry.npmjs.org/debug 53ms (cache hit)
149 silly packumentCache full:https://registry.npmjs.org/debug set size:195840 disposed:false
150 silly fetch manifest optionator@^0.9.3
151 silly packumentCache full:https://registry.npmjs.org/optionator cache-miss
152 http cache https://registry.npmjs.org/espree 50ms (cache hit)
153 silly packumentCache full:https://registry.npmjs.org/espree set size:326080 disposed:false
154 silly fetch manifest cross-spawn@^7.0.6
155 silly packumentCache full:https://registry.npmjs.org/cross-spawn cache-miss
156 http cache https://registry.npmjs.org/esquery 23ms (cache hit)
157 silly packumentCache full:https://registry.npmjs.org/esquery set size:48888 disposed:false
158 silly fetch manifest glob-parent@^6.0.2
159 silly packumentCache full:https://registry.npmjs.org/glob-parent cache-miss
160 http cache https://registry.npmjs.org/esutils 22ms (cache hit)
161 silly packumentCache full:https://registry.npmjs.org/esutils set size:29522 disposed:false
162 silly fetch manifest imurmurhash@^0.1.4
163 silly packumentCache full:https://registry.npmjs.org/imurmurhash cache-miss
164 http cache https://registry.npmjs.org/find-up 19ms (cache hit)
165 silly packumentCache full:https://registry.npmjs.org/find-up set size:42620 disposed:false
166 silly fetch manifest @eslint/core@^0.17.0
167 silly packumentCache full:https://registry.npmjs.org/@eslint%2fcore cache-miss
168 http cache https://registry.npmjs.org/ignore 49ms (cache hit)
169 silly packumentCache full:https://registry.npmjs.org/ignore set size:237380 disposed:false
170 silly fetch manifest eslint-scope@^8.4.0
171 silly packumentCache full:https://registry.npmjs.org/eslint-scope cache-miss
172 http cache https://registry.npmjs.org/is-glob 13ms (cache hit)
173 silly packumentCache full:https://registry.npmjs.org/is-glob set size:40530 disposed:false
174 silly fetch manifest lodash.merge@^4.6.2
175 silly packumentCache full:https://registry.npmjs.org/lodash.merge cache-miss
176 http cache https://registry.npmjs.org/minimatch 12ms (cache hit)
177 silly packumentCache full:https://registry.npmjs.org/minimatch set size:375282 disposed:false
178 silly fetch manifest @humanfs/node@^0.16.6
179 silly packumentCache full:https://registry.npmjs.org/@humanfs%2fnode cache-miss
180 http cache https://registry.npmjs.org/@eslint%2fjs 9ms (cache hit)
181 silly packumentCache full:https://registry.npmjs.org/@eslint%2fjs set size:140022 disposed:false
182 silly fetch manifest @types/estree@^1.0.6
183 silly packumentCache full:https://registry.npmjs.org/@types%2festree cache-miss
184 http cache https://registry.npmjs.org/glob-parent 7ms (cache hit)
185 silly packumentCache full:https://registry.npmjs.org/glob-parent set size:42445 disposed:false
186 silly fetch manifest fast-deep-equal@^3.1.3
187 silly packumentCache full:https://registry.npmjs.org/fast-deep-equal cache-miss
188 http cache https://registry.npmjs.org/imurmurhash 6ms (cache hit)
189 silly packumentCache full:https://registry.npmjs.org/imurmurhash set size:35819 disposed:false
190 silly fetch manifest natural-compare@^1.4.0
191 silly packumentCache full:https://registry.npmjs.org/natural-compare cache-miss
192 http cache https://registry.npmjs.org/cross-spawn 8ms (cache hit)
193 silly packumentCache full:https://registry.npmjs.org/cross-spawn set size:109066 disposed:false
194 silly fetch manifest @eslint/eslintrc@^3.3.5
195 silly packumentCache full:https://registry.npmjs.org/@eslint%2feslintrc cache-miss
196 http cache https://registry.npmjs.org/optionator 9ms (cache hit)
197 silly packumentCache full:https://registry.npmjs.org/optionator set size:49651 disposed:false
198 silly fetch manifest file-entry-cache@^8.0.0
199 silly packumentCache full:https://registry.npmjs.org/file-entry-cache cache-miss
200 http cache https://registry.npmjs.org/@eslint%2fcore 8ms (cache hit)
201 silly packumentCache full:https://registry.npmjs.org/@eslint%2fcore set size:58023 disposed:false
202 silly fetch manifest @eslint/plugin-kit@^0.4.1
203 silly packumentCache full:https://registry.npmjs.org/@eslint%2fplugin-kit cache-miss
204 http cache https://registry.npmjs.org/eslint-scope 7ms (cache hit)
205 silly packumentCache full:https://registry.npmjs.org/eslint-scope set size:98867 disposed:false
206 silly fetch manifest eslint-visitor-keys@^4.2.1
207 silly packumentCache full:https://registry.npmjs.org/eslint-visitor-keys cache-miss
208 http cache https://registry.npmjs.org/lodash.merge 7ms (cache hit)
209 silly packumentCache full:https://registry.npmjs.org/lodash.merge set size:78575 disposed:false
210 silly fetch manifest @eslint/config-array@^0.21.2
211 silly packumentCache full:https://registry.npmjs.org/@eslint%2fconfig-array cache-miss
212 http cache https://registry.npmjs.org/@humanfs%2fnode 6ms (cache hit)
213 silly packumentCache full:https://registry.npmjs.org/@humanfs%2fnode set size:39629 disposed:false
214 silly fetch manifest @humanwhocodes/retry@^0.4.2
215 silly packumentCache full:https://registry.npmjs.org/@humanwhocodes%2fretry cache-miss
216 http cache https://registry.npmjs.org/@types%2festree 6ms (cache hit)
217 silly packumentCache full:https://registry.npmjs.org/@types%2festree set size:76072 disposed:false
218 silly fetch manifest escape-string-regexp@^4.0.0
219 silly packumentCache full:https://registry.npmjs.org/escape-string-regexp cache-miss
220 http cache https://registry.npmjs.org/fast-deep-equal 6ms (cache hit)
221 silly packumentCache full:https://registry.npmjs.org/fast-deep-equal set size:48634 disposed:false
222 silly fetch manifest @eslint/config-helpers@^0.4.2
223 silly packumentCache full:https://registry.npmjs.org/@eslint%2fconfig-helpers cache-miss
224 http cache https://registry.npmjs.org/eslint-visitor-keys 3ms (cache hit)
225 silly packumentCache full:https://registry.npmjs.org/eslint-visitor-keys set size:69949 disposed:false
226 silly fetch manifest @eslint-community/regexpp@^4.12.1
227 silly packumentCache full:https://registry.npmjs.org/@eslint-community%2fregexpp cache-miss
228 http cache https://registry.npmjs.org/@eslint%2fplugin-kit 5ms (cache hit)
229 silly packumentCache full:https://registry.npmjs.org/@eslint%2fplugin-kit set size:76057 disposed:false
230 silly fetch manifest @eslint-community/eslint-utils@^4.8.0
231 silly packumentCache full:https://registry.npmjs.org/@eslint-community%2feslint-utils cache-miss
232 http cache https://registry.npmjs.org/@eslint%2feslintrc 6ms (cache hit)
233 silly packumentCache full:https://registry.npmjs.org/@eslint%2feslintrc set size:168674 disposed:false
234 silly fetch manifest @humanwhocodes/module-importer@^1.0.1
235 silly packumentCache full:https://registry.npmjs.org/@humanwhocodes%2fmodule-importer cache-miss
236 http cache https://registry.npmjs.org/natural-compare 8ms (cache hit)
237 silly packumentCache full:https://registry.npmjs.org/natural-compare set size:7852 disposed:false
238 silly fetch manifest json-stable-stringify-without-jsonify@^1.0.1
239 silly packumentCache full:https://registry.npmjs.org/json-stable-stringify-without-jsonify cache-miss
240 http cache https://registry.npmjs.org/file-entry-cache 6ms (cache hit)
241 silly packumentCache full:https://registry.npmjs.org/file-entry-cache set size:154007 disposed:false
242 silly fetch manifest globals@16.4.0
243 silly packumentCache full:https://registry.npmjs.org/globals cache-miss
244 http cache https://registry.npmjs.org/@eslint%2fconfig-array 5ms (cache hit)
245 silly packumentCache full:https://registry.npmjs.org/@eslint%2fconfig-array set size:74140 disposed:false
246 silly fetch manifest typescript-eslint@^8.46.0
247 silly packumentCache full:https://registry.npmjs.org/typescript-eslint cache-miss
248 http cache https://registry.npmjs.org/@humanwhocodes%2fretry 5ms (cache hit)
249 silly packumentCache full:https://registry.npmjs.org/@humanwhocodes%2fretry set size:42348 disposed:false
250 silly fetch manifest eslint-plugin-react@^7.37.0
251 silly packumentCache full:https://registry.npmjs.org/eslint-plugin-react cache-miss
252 http cache https://registry.npmjs.org/escape-string-regexp 6ms (cache hit)
253 silly packumentCache full:https://registry.npmjs.org/escape-string-regexp set size:22244 disposed:false
254 silly fetch manifest eslint-plugin-import@^2.32.0
255 silly packumentCache full:https://registry.npmjs.org/eslint-plugin-import cache-miss
256 http cache https://registry.npmjs.org/@eslint%2fconfig-helpers 6ms (cache hit)
257 silly packumentCache full:https://registry.npmjs.org/@eslint%2fconfig-helpers set size:52610 disposed:false
258 silly fetch manifest eslint-plugin-jsx-a11y@^6.10.0
259 silly packumentCache full:https://registry.npmjs.org/eslint-plugin-jsx-a11y cache-miss
260 http cache https://registry.npmjs.org/@eslint-community%2fregexpp 6ms (cache hit)
261 silly packumentCache full:https://registry.npmjs.org/@eslint-community%2fregexpp set size:106609 disposed:false
262 silly fetch manifest @next/eslint-plugin-next@16.2.7
263 silly packumentCache full:https://registry.npmjs.org/@next%2feslint-plugin-next cache-miss
264 http cache https://registry.npmjs.org/@eslint-community%2feslint-utils 6ms (cache hit)
265 silly packumentCache full:https://registry.npmjs.org/@eslint-community%2feslint-utils set size:93301 disposed:false
266 silly fetch manifest eslint-plugin-react-hooks@^7.0.0
267 silly packumentCache full:https://registry.npmjs.org/eslint-plugin-react-hooks cache-miss
268 http cache https://registry.npmjs.org/@humanwhocodes%2fmodule-importer 6ms (cache hit)
269 silly packumentCache full:https://registry.npmjs.org/@humanwhocodes%2fmodule-importer set size:9516 disposed:false
270 silly fetch manifest eslint-import-resolver-node@^0.3.6
271 silly packumentCache full:https://registry.npmjs.org/eslint-import-resolver-node cache-miss
272 http cache https://registry.npmjs.org/json-stable-stringify-without-jsonify 6ms (cache hit)
273 silly packumentCache full:https://registry.npmjs.org/json-stable-stringify-without-jsonify set size:5808 disposed:false
274 silly fetch manifest eslint-import-resolver-typescript@^3.5.2
275 silly packumentCache full:https://registry.npmjs.org/eslint-import-resolver-typescript cache-miss
276 http cache https://registry.npmjs.org/globals 5ms (cache hit)
277 silly packumentCache full:https://registry.npmjs.org/globals set size:315985 disposed:false
278 silly fetch manifest postcss@8.4.31
279 silly packumentCache full:https://registry.npmjs.org/postcss cache-hit
280 silly fetch manifest @next/env@16.2.7
281 silly packumentCache full:https://registry.npmjs.org/@next%2fenv cache-miss
282 http cache https://registry.npmjs.org/typescript-eslint 9ms (cache hit)
283 silly packumentCache full:https://registry.npmjs.org/typescript-eslint set size:4043034 disposed:false
284 silly fetch manifest styled-jsx@5.1.6
285 silly packumentCache full:https://registry.npmjs.org/styled-jsx cache-miss
286 http cache https://registry.npmjs.org/eslint-plugin-react 16ms (cache hit)
287 silly packumentCache full:https://registry.npmjs.org/eslint-plugin-react set size:646827 disposed:false
288 silly fetch manifest @swc/helpers@0.5.15
289 silly packumentCache full:https://registry.npmjs.org/@swc%2fhelpers cache-miss
290 http cache https://registry.npmjs.org/eslint-plugin-import 17ms (cache hit)
291 silly packumentCache full:https://registry.npmjs.org/eslint-plugin-import set size:484928 disposed:false
292 silly fetch manifest caniuse-lite@^1.0.30001579
293 silly packumentCache full:https://registry.npmjs.org/caniuse-lite cache-miss
294 http cache https://registry.npmjs.org/eslint-plugin-jsx-a11y 19ms (cache hit)
295 silly packumentCache full:https://registry.npmjs.org/eslint-plugin-jsx-a11y set size:280052 disposed:false
296 silly fetch manifest baseline-browser-mapping@^2.9.19
297 silly packumentCache full:https://registry.npmjs.org/baseline-browser-mapping cache-miss
298 http cache https://registry.npmjs.org/eslint-plugin-react-hooks 22ms (cache hit)
299 silly packumentCache full:https://registry.npmjs.org/eslint-plugin-react-hooks set size:7404085 disposed:false
300 silly fetch manifest sharp@^0.34.5
301 silly packumentCache full:https://registry.npmjs.org/sharp cache-miss
302 http cache https://registry.npmjs.org/@next%2feslint-plugin-next 37ms (cache hit)
303 silly packumentCache full:https://registry.npmjs.org/@next%2feslint-plugin-next set size:6808708 disposed:false
304 silly fetch manifest @next/swc-darwin-x64@16.2.7
305 silly packumentCache full:https://registry.npmjs.org/@next%2fswc-darwin-x64 cache-miss
306 http cache https://registry.npmjs.org/eslint-import-resolver-node 51ms (cache hit)
307 silly packumentCache full:https://registry.npmjs.org/eslint-import-resolver-node set size:39118 disposed:false
308 silly fetch manifest @next/swc-darwin-arm64@16.2.7
309 silly packumentCache full:https://registry.npmjs.org/@next%2fswc-darwin-arm64 cache-miss
310 http cache https://registry.npmjs.org/eslint-import-resolver-typescript 52ms (cache hit)
311 silly packumentCache full:https://registry.npmjs.org/eslint-import-resolver-typescript set size:337167 disposed:false
312 silly fetch manifest @next/swc-linux-x64-gnu@16.2.7
313 silly packumentCache full:https://registry.npmjs.org/@next%2fswc-linux-x64-gnu cache-miss
314 http cache https://registry.npmjs.org/caniuse-lite 40ms (cache hit)
315 silly packumentCache full:https://registry.npmjs.org/caniuse-lite set size:2293068 disposed:false
316 silly fetch manifest @next/swc-linux-x64-musl@16.2.7
317 silly packumentCache full:https://registry.npmjs.org/@next%2fswc-linux-x64-musl cache-miss
318 http cache https://registry.npmjs.org/@next%2fenv 63ms (cache hit)
319 silly packumentCache full:https://registry.npmjs.org/@next%2fenv set size:7289213 disposed:false
320 silly fetch manifest @next/swc-win32-x64-msvc@16.2.7
321 silly packumentCache full:https://registry.npmjs.org/@next%2fswc-win32-x64-msvc cache-miss
322 http cache https://registry.npmjs.org/@swc%2fhelpers 60ms (cache hit)
323 silly packumentCache full:https://registry.npmjs.org/@swc%2fhelpers set size:775458 disposed:false
324 silly fetch manifest @next/swc-linux-arm64-gnu@16.2.7
325 silly packumentCache full:https://registry.npmjs.org/@next%2fswc-linux-arm64-gnu cache-miss
326 http cache https://registry.npmjs.org/sharp 46ms (cache hit)
327 silly packumentCache full:https://registry.npmjs.org/sharp set size:1072564 disposed:false
328 silly fetch manifest @next/swc-linux-arm64-musl@16.2.7
329 silly packumentCache full:https://registry.npmjs.org/@next%2fswc-linux-arm64-musl cache-miss
330 http cache https://registry.npmjs.org/@next%2fswc-darwin-x64 35ms (cache hit)
331 silly packumentCache full:https://registry.npmjs.org/@next%2fswc-darwin-x64 set size:5230940 disposed:false
332 silly fetch manifest @next/swc-win32-arm64-msvc@16.2.7
333 silly packumentCache full:https://registry.npmjs.org/@next%2fswc-win32-arm64-msvc cache-miss
334 http cache https://registry.npmjs.org/baseline-browser-mapping 73ms (cache hit)
335 silly packumentCache full:https://registry.npmjs.org/baseline-browser-mapping set size:494649 disposed:false
336 silly fetch manifest scheduler@^0.27.0
337 silly packumentCache full:https://registry.npmjs.org/scheduler cache-miss
338 http cache https://registry.npmjs.org/styled-jsx 80ms (cache hit)
339 silly packumentCache full:https://registry.npmjs.org/styled-jsx set size:436113 disposed:false
340 http cache https://registry.npmjs.org/@next%2fswc-linux-x64-gnu 44ms (cache hit)
341 silly packumentCache full:https://registry.npmjs.org/@next%2fswc-linux-x64-gnu set size:5337691 disposed:false
342 http cache https://registry.npmjs.org/@next%2fswc-darwin-arm64 61ms (cache hit)
343 silly packumentCache full:https://registry.npmjs.org/@next%2fswc-darwin-arm64 set size:5288064 disposed:false
344 http cache https://registry.npmjs.org/@next%2fswc-win32-x64-msvc 54ms (cache hit)
345 silly packumentCache full:https://registry.npmjs.org/@next%2fswc-win32-x64-msvc set size:5309487 disposed:false
346 http cache https://registry.npmjs.org/@next%2fswc-win32-arm64-msvc 49ms (cache hit)
347 silly packumentCache full:https://registry.npmjs.org/@next%2fswc-win32-arm64-msvc set size:5122887 disposed:false
348 http cache https://registry.npmjs.org/@next%2fswc-linux-x64-musl 90ms (cache hit)
349 silly packumentCache full:https://registry.npmjs.org/@next%2fswc-linux-x64-musl set size:5093696 disposed:false
350 http cache https://registry.npmjs.org/@next%2fswc-linux-arm64-gnu 87ms (cache hit)
351 silly packumentCache full:https://registry.npmjs.org/@next%2fswc-linux-arm64-gnu set size:5141024 disposed:false
352 http cache https://registry.npmjs.org/@next%2fswc-linux-arm64-musl 96ms (cache hit)
353 silly packumentCache full:https://registry.npmjs.org/@next%2fswc-linux-arm64-musl set size:5159019 disposed:false
354 http cache https://registry.npmjs.org/scheduler 96ms (cache hit)
355 silly packumentCache full:https://registry.npmjs.org/scheduler set size:5523644 disposed:false
356 silly placeDep ROOT @alloc/quick-lru@5.2.0 OK for: @tailwindcss/postcss@4.3.0 want: ^5.2.0
357 silly placeDep ROOT @tailwindcss/node@4.3.0 OK for: @tailwindcss/postcss@4.3.0 want: 4.3.0
358 silly placeDep ROOT @tailwindcss/oxide@4.3.0 OK for: @tailwindcss/postcss@4.3.0 want: 4.3.0
359 silly placeDep ROOT postcss@8.5.15 OK for: @tailwindcss/postcss@4.3.0 want: ^8.5.10
360 silly fetch manifest jiti@^2.6.1
361 silly packumentCache full:https://registry.npmjs.org/jiti cache-hit
362 silly fetch manifest lightningcss@1.32.0
363 silly packumentCache full:https://registry.npmjs.org/lightningcss cache-miss
364 silly fetch manifest magic-string@^0.30.21
365 silly packumentCache full:https://registry.npmjs.org/magic-string cache-miss
366 silly fetch manifest source-map-js@^1.2.1
367 silly packumentCache full:https://registry.npmjs.org/source-map-js cache-miss
368 silly fetch manifest enhanced-resolve@^5.21.0
369 silly packumentCache full:https://registry.npmjs.org/enhanced-resolve cache-miss
370 silly fetch manifest @jridgewell/remapping@^2.3.5
371 silly packumentCache full:https://registry.npmjs.org/@jridgewell%2fremapping cache-miss
372 silly fetch manifest @tailwindcss/oxide-darwin-x64@4.3.0
373 silly packumentCache full:https://registry.npmjs.org/@tailwindcss%2foxide-darwin-x64 cache-miss
374 silly fetch manifest @tailwindcss/oxide-freebsd-x64@4.3.0
375 silly packumentCache full:https://registry.npmjs.org/@tailwindcss%2foxide-freebsd-x64 cache-miss
376 silly fetch manifest @tailwindcss/oxide-wasm32-wasi@4.3.0
377 silly packumentCache full:https://registry.npmjs.org/@tailwindcss%2foxide-wasm32-wasi cache-miss
378 silly fetch manifest @tailwindcss/oxide-darwin-arm64@4.3.0
379 silly packumentCache full:https://registry.npmjs.org/@tailwindcss%2foxide-darwin-arm64 cache-miss
380 http cache https://registry.npmjs.org/lightningcss 4ms (cache hit)
381 silly packumentCache full:https://registry.npmjs.org/lightningcss set size:186753 disposed:false
382 silly fetch manifest @tailwindcss/oxide-android-arm64@4.3.0
383 silly packumentCache full:https://registry.npmjs.org/@tailwindcss%2foxide-android-arm64 cache-miss
384 http cache https://registry.npmjs.org/enhanced-resolve 5ms (cache hit)
385 silly packumentCache full:https://registry.npmjs.org/enhanced-resolve set size:440586 disposed:false
386 silly fetch manifest @tailwindcss/oxide-linux-x64-gnu@4.3.0
387 silly packumentCache full:https://registry.npmjs.org/@tailwindcss%2foxide-linux-x64-gnu cache-miss
388 http cache https://registry.npmjs.org/magic-string 7ms (cache hit)
389 silly packumentCache full:https://registry.npmjs.org/magic-string set size:331817 disposed:false
390 silly fetch manifest @tailwindcss/oxide-linux-x64-musl@4.3.0
391 silly packumentCache full:https://registry.npmjs.org/@tailwindcss%2foxide-linux-x64-musl cache-miss
392 http cache https://registry.npmjs.org/source-map-js 8ms (cache hit)
393 silly packumentCache full:https://registry.npmjs.org/source-map-js set size:62640 disposed:false
394 silly fetch manifest @tailwindcss/oxide-win32-x64-msvc@4.3.0
395 silly packumentCache full:https://registry.npmjs.org/@tailwindcss%2foxide-win32-x64-msvc cache-miss
396 http cache https://registry.npmjs.org/@tailwindcss%2foxide-freebsd-x64 9ms (cache hit)
397 silly packumentCache full:https://registry.npmjs.org/@tailwindcss%2foxide-freebsd-x64 set size:2823446 disposed:false
398 silly fetch manifest @tailwindcss/oxide-linux-arm64-gnu@4.3.0
399 silly packumentCache full:https://registry.npmjs.org/@tailwindcss%2foxide-linux-arm64-gnu cache-miss
400 http cache https://registry.npmjs.org/@tailwindcss%2foxide-darwin-x64 14ms (cache hit)
401 silly packumentCache full:https://registry.npmjs.org/@tailwindcss%2foxide-darwin-x64 set size:2811550 disposed:false
402 silly fetch manifest @tailwindcss/oxide-linux-arm64-musl@4.3.0
403 silly packumentCache full:https://registry.npmjs.org/@tailwindcss%2foxide-linux-arm64-musl cache-miss
404 http cache https://registry.npmjs.org/@jridgewell%2fremapping 19ms (cache hit)
405 silly packumentCache full:https://registry.npmjs.org/@jridgewell%2fremapping set size:23809 disposed:false
406 silly fetch manifest @tailwindcss/oxide-win32-arm64-msvc@4.3.0
407 silly packumentCache full:https://registry.npmjs.org/@tailwindcss%2foxide-win32-arm64-msvc cache-miss
408 http cache https://registry.npmjs.org/@tailwindcss%2foxide-wasm32-wasi 19ms (cache hit)
409 silly packumentCache full:https://registry.npmjs.org/@tailwindcss%2foxide-wasm32-wasi set size:1396809 disposed:false
410 silly fetch manifest @tailwindcss/oxide-linux-arm-gnueabihf@4.3.0
411 silly packumentCache full:https://registry.npmjs.org/@tailwindcss%2foxide-linux-arm-gnueabihf cache-miss
412 http cache https://registry.npmjs.org/@tailwindcss%2foxide-darwin-arm64 22ms (cache hit)
413 silly packumentCache full:https://registry.npmjs.org/@tailwindcss%2foxide-darwin-arm64 set size:2846231 disposed:false
414 silly fetch manifest nanoid@^3.3.12
415 silly packumentCache full:https://registry.npmjs.org/nanoid cache-miss
416 http cache https://registry.npmjs.org/@tailwindcss%2foxide-win32-arm64-msvc 12ms (cache hit)
417 silly packumentCache full:https://registry.npmjs.org/@tailwindcss%2foxide-win32-arm64-msvc set size:1959326 disposed:false
418 silly fetch manifest picocolors@^1.1.1
419 silly packumentCache full:https://registry.npmjs.org/picocolors cache-miss
420 http cache https://registry.npmjs.org/@tailwindcss%2foxide-linux-arm64-gnu 23ms (cache hit)
421 silly packumentCache full:https://registry.npmjs.org/@tailwindcss%2foxide-linux-arm64-gnu set size:2892853 disposed:false
422 http cache https://registry.npmjs.org/@tailwindcss%2foxide-android-arm64 36ms (cache hit)
423 silly packumentCache full:https://registry.npmjs.org/@tailwindcss%2foxide-android-arm64 set size:1986498 disposed:false
424 http cache https://registry.npmjs.org/@tailwindcss%2foxide-win32-x64-msvc 38ms (cache hit)
425 silly packumentCache full:https://registry.npmjs.org/@tailwindcss%2foxide-win32-x64-msvc set size:2849272 disposed:false
426 http cache https://registry.npmjs.org/@tailwindcss%2foxide-linux-arm-gnueabihf 29ms (cache hit)
427 silly packumentCache full:https://registry.npmjs.org/@tailwindcss%2foxide-linux-arm-gnueabihf set size:2917685 disposed:false
428 http cache https://registry.npmjs.org/nanoid 31ms (cache hit)
429 silly packumentCache full:https://registry.npmjs.org/nanoid set size:310559 disposed:false
430 http cache https://registry.npmjs.org/@tailwindcss%2foxide-linux-arm64-musl 42ms (cache hit)
431 silly packumentCache full:https://registry.npmjs.org/@tailwindcss%2foxide-linux-arm64-musl set size:2903744 disposed:false
432 http cache https://registry.npmjs.org/@tailwindcss%2foxide-linux-x64-gnu 62ms (cache hit)
433 silly packumentCache full:https://registry.npmjs.org/@tailwindcss%2foxide-linux-x64-gnu set size:2867104 disposed:false
434 http cache https://registry.npmjs.org/@tailwindcss%2foxide-linux-x64-musl 67ms (cache hit)
435 silly packumentCache full:https://registry.npmjs.org/@tailwindcss%2foxide-linux-x64-musl set size:2875737 disposed:false
436 http cache https://registry.npmjs.org/picocolors 49ms (cache hit)
437 silly packumentCache full:https://registry.npmjs.org/picocolors set size:16648 disposed:false
438 silly placeDep ROOT @jridgewell/remapping@2.3.5 OK for: @tailwindcss/node@4.3.0 want: ^2.3.5
439 silly placeDep ROOT enhanced-resolve@5.22.1 OK for: @tailwindcss/node@4.3.0 want: ^5.21.0
440 silly placeDep ROOT jiti@2.7.0 OK for: @tailwindcss/node@4.3.0 want: ^2.6.1
441 silly placeDep ROOT lightningcss@1.32.0 OK for: @tailwindcss/node@4.3.0 want: 1.32.0
442 silly placeDep ROOT magic-string@0.30.21 OK for: @tailwindcss/node@4.3.0 want: ^0.30.21
443 silly placeDep ROOT source-map-js@1.2.1 OK for: @tailwindcss/node@4.3.0 want: ^1.2.1
444 silly fetch manifest @jridgewell/gen-mapping@^0.3.5
445 silly packumentCache full:https://registry.npmjs.org/@jridgewell%2fgen-mapping cache-miss
446 silly fetch manifest @jridgewell/trace-mapping@^0.3.24
447 silly packumentCache full:https://registry.npmjs.org/@jridgewell%2ftrace-mapping cache-miss
448 silly fetch manifest graceful-fs@^4.2.4
449 silly packumentCache full:https://registry.npmjs.org/graceful-fs cache-miss
450 silly fetch manifest tapable@^2.3.3
451 silly packumentCache full:https://registry.npmjs.org/tapable cache-miss
452 silly fetch manifest detect-libc@^2.0.3
453 silly packumentCache full:https://registry.npmjs.org/detect-libc cache-miss
454 silly fetch manifest lightningcss-darwin-x64@1.32.0
455 silly packumentCache full:https://registry.npmjs.org/lightningcss-darwin-x64 cache-miss
456 silly fetch manifest lightningcss-linux-x64-gnu@1.32.0
457 silly packumentCache full:https://registry.npmjs.org/lightningcss-linux-x64-gnu cache-miss
458 silly fetch manifest lightningcss-win32-x64-msvc@1.32.0
459 silly packumentCache full:https://registry.npmjs.org/lightningcss-win32-x64-msvc cache-miss
460 silly fetch manifest lightningcss-win32-arm64-msvc@1.32.0
461 silly packumentCache full:https://registry.npmjs.org/lightningcss-win32-arm64-msvc cache-miss
462 http cache https://registry.npmjs.org/@jridgewell%2fgen-mapping 2ms (cache hit)
463 silly packumentCache full:https://registry.npmjs.org/@jridgewell%2fgen-mapping set size:75941 disposed:false
464 silly fetch manifest lightningcss-darwin-arm64@1.32.0
465 silly packumentCache full:https://registry.npmjs.org/lightningcss-darwin-arm64 cache-miss
466 http cache https://registry.npmjs.org/detect-libc 3ms (cache hit)
467 silly packumentCache full:https://registry.npmjs.org/detect-libc set size:47861 disposed:false
468 silly fetch manifest lightningcss-linux-arm64-gnu@1.32.0
469 silly packumentCache full:https://registry.npmjs.org/lightningcss-linux-arm64-gnu cache-miss
470 http cache https://registry.npmjs.org/lightningcss-darwin-x64 3ms (cache hit)
471 silly packumentCache full:https://registry.npmjs.org/lightningcss-darwin-x64 set size:78694 disposed:false
472 silly fetch manifest lightningcss-linux-arm-gnueabihf@1.32.0
473 silly packumentCache full:https://registry.npmjs.org/lightningcss-linux-arm-gnueabihf cache-miss
474 http cache https://registry.npmjs.org/lightningcss-linux-x64-gnu 3ms (cache hit)
475 silly packumentCache full:https://registry.npmjs.org/lightningcss-linux-x64-gnu set size:80105 disposed:false
476 silly fetch manifest lightningcss-linux-arm64-musl@1.32.0
477 silly packumentCache full:https://registry.npmjs.org/lightningcss-linux-arm64-musl cache-miss
478 http cache https://registry.npmjs.org/graceful-fs 4ms (cache hit)
479 silly packumentCache full:https://registry.npmjs.org/graceful-fs set size:124285 disposed:false
480 silly fetch manifest lightningcss-linux-x64-musl@1.32.0
481 silly packumentCache full:https://registry.npmjs.org/lightningcss-linux-x64-musl cache-miss
482 http cache https://registry.npmjs.org/lightningcss-win32-x64-msvc 4ms (cache hit)
483 silly packumentCache full:https://registry.npmjs.org/lightningcss-win32-x64-msvc set size:79645 disposed:false
484 silly fetch manifest lightningcss-freebsd-x64@1.32.0
485 silly packumentCache full:https://registry.npmjs.org/lightningcss-freebsd-x64 cache-miss
486 http cache https://registry.npmjs.org/@jridgewell%2ftrace-mapping 5ms (cache hit)
487 silly packumentCache full:https://registry.npmjs.org/@jridgewell%2ftrace-mapping set size:170909 disposed:false
488 silly fetch manifest lightningcss-android-arm64@1.32.0
489 silly packumentCache full:https://registry.npmjs.org/lightningcss-android-arm64 cache-miss
490 http cache https://registry.npmjs.org/tapable 5ms (cache hit)
491 silly packumentCache full:https://registry.npmjs.org/tapable set size:141233 disposed:false
492 silly fetch manifest @jridgewell/sourcemap-codec@^1.5.5
493 silly packumentCache full:https://registry.npmjs.org/@jridgewell%2fsourcemap-codec cache-miss
494 http cache https://registry.npmjs.org/lightningcss-win32-arm64-msvc 6ms (cache hit)
495 silly packumentCache full:https://registry.npmjs.org/lightningcss-win32-arm64-msvc set size:26629 disposed:false
496 http cache https://registry.npmjs.org/lightningcss-darwin-arm64 4ms (cache hit)
497 silly packumentCache full:https://registry.npmjs.org/lightningcss-darwin-arm64 set size:79276 disposed:false
498 http cache https://registry.npmjs.org/lightningcss-linux-arm-gnueabihf 5ms (cache hit)
499 silly packumentCache full:https://registry.npmjs.org/lightningcss-linux-arm-gnueabihf set size:80903 disposed:false
500 http cache https://registry.npmjs.org/lightningcss-linux-arm64-gnu 5ms (cache hit)
501 silly packumentCache full:https://registry.npmjs.org/lightningcss-linux-arm64-gnu set size:80669 disposed:false
502 http cache https://registry.npmjs.org/lightningcss-freebsd-x64 3ms (cache hit)
503 silly packumentCache full:https://registry.npmjs.org/lightningcss-freebsd-x64 set size:42877 disposed:false
504 http cache https://registry.npmjs.org/lightningcss-linux-arm64-musl 4ms (cache hit)
505 silly packumentCache full:https://registry.npmjs.org/lightningcss-linux-arm64-musl set size:80887 disposed:false
506 http cache https://registry.npmjs.org/lightningcss-android-arm64 4ms (cache hit)
507 silly packumentCache full:https://registry.npmjs.org/lightningcss-android-arm64 set size:7671 disposed:false
508 http cache https://registry.npmjs.org/@jridgewell%2fsourcemap-codec 3ms (cache hit)
509 silly packumentCache full:https://registry.npmjs.org/@jridgewell%2fsourcemap-codec set size:51856 disposed:false
510 http cache https://registry.npmjs.org/lightningcss-linux-x64-musl 5ms (cache hit)
511 silly packumentCache full:https://registry.npmjs.org/lightningcss-linux-x64-musl set size:80313 disposed:false
512 silly placeDep ROOT @jridgewell/gen-mapping@0.3.13 OK for: @jridgewell/remapping@2.3.5 want: ^0.3.5
513 silly placeDep ROOT @jridgewell/trace-mapping@0.3.31 OK for: @jridgewell/remapping@2.3.5 want: ^0.3.24
514 silly fetch manifest @jridgewell/sourcemap-codec@^1.5.0
515 silly packumentCache full:https://registry.npmjs.org/@jridgewell%2fsourcemap-codec cache-hit
516 silly fetch manifest @jridgewell/resolve-uri@^3.1.0
517 silly packumentCache full:https://registry.npmjs.org/@jridgewell%2fresolve-uri cache-miss
518 silly fetch manifest @jridgewell/sourcemap-codec@^1.4.14
519 silly packumentCache full:https://registry.npmjs.org/@jridgewell%2fsourcemap-codec cache-hit
520 http cache https://registry.npmjs.org/@jridgewell%2fresolve-uri 1ms (cache hit)
521 silly packumentCache full:https://registry.npmjs.org/@jridgewell%2fresolve-uri set size:57361 disposed:false
522 silly placeDep ROOT @jridgewell/sourcemap-codec@1.5.5 OK for: @jridgewell/gen-mapping@0.3.13 want: ^1.5.0
523 silly placeDep ROOT @jridgewell/resolve-uri@3.1.2 OK for: @jridgewell/trace-mapping@0.3.31 want: ^3.1.0
524 silly placeDep ROOT @tailwindcss/oxide-android-arm64@4.3.0 OK for: @tailwindcss/oxide@4.3.0 want: 4.3.0
525 silly placeDep ROOT @tailwindcss/oxide-darwin-arm64@4.3.0 OK for: @tailwindcss/oxide@4.3.0 want: 4.3.0
526 silly placeDep ROOT @tailwindcss/oxide-darwin-x64@4.3.0 OK for: @tailwindcss/oxide@4.3.0 want: 4.3.0
527 silly placeDep ROOT @tailwindcss/oxide-freebsd-x64@4.3.0 OK for: @tailwindcss/oxide@4.3.0 want: 4.3.0
528 silly placeDep ROOT @tailwindcss/oxide-linux-arm-gnueabihf@4.3.0 OK for: @tailwindcss/oxide@4.3.0 want: 4.3.0
529 silly placeDep ROOT @tailwindcss/oxide-linux-arm64-gnu@4.3.0 OK for: @tailwindcss/oxide@4.3.0 want: 4.3.0
530 silly placeDep ROOT @tailwindcss/oxide-linux-arm64-musl@4.3.0 OK for: @tailwindcss/oxide@4.3.0 want: 4.3.0
531 silly placeDep ROOT @tailwindcss/oxide-linux-x64-gnu@4.3.0 OK for: @tailwindcss/oxide@4.3.0 want: 4.3.0
532 silly placeDep ROOT @tailwindcss/oxide-linux-x64-musl@4.3.0 OK for: @tailwindcss/oxide@4.3.0 want: 4.3.0
533 silly placeDep ROOT @tailwindcss/oxide-wasm32-wasi@4.3.0 OK for: @tailwindcss/oxide@4.3.0 want: 4.3.0
534 silly placeDep ROOT @tailwindcss/oxide-win32-arm64-msvc@4.3.0 OK for: @tailwindcss/oxide@4.3.0 want: 4.3.0
535 silly placeDep ROOT @tailwindcss/oxide-win32-x64-msvc@4.3.0 OK for: @tailwindcss/oxide@4.3.0 want: 4.3.0
536 silly placeDep ROOT undici-types@6.21.0 OK for: @types/node@20.19.41 want: ~6.21.0
537 silly placeDep ROOT csstype@3.2.3 OK for: @types/react@19.2.16 want: ^3.2.2
538 silly placeDep ROOT graceful-fs@4.2.11 OK for: enhanced-resolve@5.22.1 want: ^4.2.4
539 silly placeDep ROOT tapable@2.3.3 OK for: enhanced-resolve@5.22.1 want: ^2.3.3
540 silly fetch manifest eslint@^6.0.0 || ^7.0.0 || >=8.0.0
541 silly packumentCache full:https://registry.npmjs.org/eslint cache-miss
542 http cache https://registry.npmjs.org/eslint 1ms (cache hit)
543 silly packumentCache full:https://registry.npmjs.org/eslint set size:2004222 disposed:false
544 silly placeDep ROOT @eslint-community/eslint-utils@4.9.1 OK for: eslint@9.39.4 want: ^4.8.0
545 silly placeDep ROOT @eslint-community/regexpp@4.12.2 OK for: eslint@9.39.4 want: ^4.12.1
546 silly placeDep ROOT @eslint/config-array@0.21.2 OK for: eslint@9.39.4 want: ^0.21.2
547 silly placeDep ROOT @eslint/config-helpers@0.4.2 OK for: eslint@9.39.4 want: ^0.4.2
548 silly placeDep ROOT @eslint/core@0.17.0 OK for: eslint@9.39.4 want: ^0.17.0
549 silly placeDep ROOT @eslint/eslintrc@3.3.5 OK for: eslint@9.39.4 want: ^3.3.5
550 silly placeDep ROOT @eslint/js@9.39.4 OK for: eslint@9.39.4 want: 9.39.4
551 silly placeDep ROOT @eslint/plugin-kit@0.4.1 OK for: eslint@9.39.4 want: ^0.4.1
552 silly placeDep ROOT @humanfs/node@0.16.8 OK for: eslint@9.39.4 want: ^0.16.6
553 silly placeDep ROOT @humanwhocodes/module-importer@1.0.1 OK for: eslint@9.39.4 want: ^1.0.1
554 silly placeDep ROOT @humanwhocodes/retry@0.4.3 OK for: eslint@9.39.4 want: ^0.4.2
555 silly placeDep ROOT @types/estree@1.0.9 OK for: eslint@9.39.4 want: ^1.0.6
556 silly placeDep ROOT ajv@6.15.0 OK for: eslint@9.39.4 want: ^6.14.0
557 silly placeDep ROOT chalk@4.1.2 OK for: eslint@9.39.4 want: ^4.0.0
558 silly placeDep ROOT cross-spawn@7.0.6 OK for: eslint@9.39.4 want: ^7.0.6
559 silly placeDep ROOT debug@4.4.3 OK for: eslint@9.39.4 want: ^4.3.2
560 silly placeDep ROOT escape-string-regexp@4.0.0 OK for: eslint@9.39.4 want: ^4.0.0
561 silly placeDep ROOT eslint-scope@8.4.0 OK for: eslint@9.39.4 want: ^8.4.0
562 silly placeDep ROOT eslint-visitor-keys@4.2.1 OK for: eslint@9.39.4 want: ^4.2.1
563 silly placeDep ROOT espree@10.4.0 OK for: eslint@9.39.4 want: ^10.4.0
564 silly placeDep ROOT esquery@1.7.0 OK for: eslint@9.39.4 want: ^1.5.0
565 silly placeDep ROOT esutils@2.0.3 OK for: eslint@9.39.4 want: ^2.0.2
566 silly placeDep ROOT fast-deep-equal@3.1.3 OK for: eslint@9.39.4 want: ^3.1.3
567 silly placeDep ROOT file-entry-cache@8.0.0 OK for: eslint@9.39.4 want: ^8.0.0
568 silly placeDep ROOT find-up@5.0.0 OK for: eslint@9.39.4 want: ^5.0.0
569 silly placeDep ROOT glob-parent@6.0.2 OK for: eslint@9.39.4 want: ^6.0.2
570 silly placeDep ROOT ignore@5.3.2 OK for: eslint@9.39.4 want: ^5.2.0
571 silly placeDep ROOT imurmurhash@0.1.4 OK for: eslint@9.39.4 want: ^0.1.4
572 silly placeDep ROOT is-glob@4.0.3 OK for: eslint@9.39.4 want: ^4.0.0
573 silly placeDep ROOT json-stable-stringify-without-jsonify@1.0.1 OK for: eslint@9.39.4 want: ^1.0.1
574 silly placeDep ROOT lodash.merge@4.6.2 OK for: eslint@9.39.4 want: ^4.6.2
575 silly placeDep ROOT minimatch@3.1.5 OK for: eslint@9.39.4 want: ^3.1.5
576 silly placeDep ROOT natural-compare@1.4.0 OK for: eslint@9.39.4 want: ^1.4.0
577 silly placeDep ROOT optionator@0.9.4 OK for: eslint@9.39.4 want: ^0.9.3
578 silly fetch manifest eslint-visitor-keys@^3.4.3
579 silly packumentCache full:https://registry.npmjs.org/eslint-visitor-keys cache-hit
580 silly fetch manifest debug@^4.3.1
581 silly packumentCache full:https://registry.npmjs.org/debug cache-hit
582 silly fetch manifest @eslint/object-schema@^2.1.7
583 silly packumentCache full:https://registry.npmjs.org/@eslint%2fobject-schema cache-miss
584 silly fetch manifest @types/json-schema@^7.0.15
585 silly packumentCache full:https://registry.npmjs.org/@types%2fjson-schema cache-miss
586 silly fetch manifest espree@^10.0.1
587 silly packumentCache full:https://registry.npmjs.org/espree cache-hit
588 silly fetch manifest globals@^14.0.0
589 silly packumentCache full:https://registry.npmjs.org/globals cache-hit
590 silly fetch manifest import-fresh@^3.2.1
591 silly packumentCache full:https://registry.npmjs.org/import-fresh cache-miss
592 silly fetch manifest js-yaml@^4.1.1
593 silly packumentCache full:https://registry.npmjs.org/js-yaml cache-miss
594 silly fetch manifest strip-json-comments@^3.1.1
595 silly packumentCache full:https://registry.npmjs.org/strip-json-comments cache-miss
596 silly fetch manifest levn@^0.4.1
597 silly packumentCache full:https://registry.npmjs.org/levn cache-miss
598 silly fetch manifest @humanwhocodes/retry@^0.4.0
599 silly packumentCache full:https://registry.npmjs.org/@humanwhocodes%2fretry cache-hit
600 silly fetch manifest @humanfs/core@^0.19.2
601 silly packumentCache full:https://registry.npmjs.org/@humanfs%2fcore cache-miss
602 silly fetch manifest @humanfs/types@^0.15.0
603 silly packumentCache full:https://registry.npmjs.org/@humanfs%2ftypes cache-miss
604 silly fetch manifest uri-js@^4.2.2
605 silly packumentCache full:https://registry.npmjs.org/uri-js cache-miss
606 http cache https://registry.npmjs.org/import-fresh 3ms (cache hit)
607 silly packumentCache full:https://registry.npmjs.org/import-fresh set size:24604 disposed:false
608 silly fetch manifest fast-deep-equal@^3.1.1
609 silly packumentCache full:https://registry.npmjs.org/fast-deep-equal cache-hit
610 silly fetch manifest json-schema-traverse@^0.4.1
611 silly packumentCache full:https://registry.npmjs.org/json-schema-traverse cache-miss
612 http cache https://registry.npmjs.org/@types%2fjson-schema 4ms (cache hit)
613 silly packumentCache full:https://registry.npmjs.org/@types%2fjson-schema set size:44704 disposed:false
614 silly fetch manifest fast-json-stable-stringify@^2.0.0
615 silly packumentCache full:https://registry.npmjs.org/fast-json-stable-stringify cache-miss
616 http cache https://registry.npmjs.org/js-yaml 4ms (cache hit)
617 silly packumentCache full:https://registry.npmjs.org/js-yaml set size:152855 disposed:false
618 silly fetch manifest ansi-styles@^4.1.0
619 silly packumentCache full:https://registry.npmjs.org/ansi-styles cache-miss
620 http cache https://registry.npmjs.org/levn 4ms (cache hit)
621 silly packumentCache full:https://registry.npmjs.org/levn set size:28223 disposed:false
622 silly fetch manifest supports-color@^7.1.0
623 silly packumentCache full:https://registry.npmjs.org/supports-color cache-miss
624 http cache https://registry.npmjs.org/@eslint%2fobject-schema 5ms (cache hit)
625 silly packumentCache full:https://registry.npmjs.org/@eslint%2fobject-schema set size:38535 disposed:false
626 silly fetch manifest which@^2.0.1
627 silly packumentCache full:https://registry.npmjs.org/which cache-miss
628 http cache https://registry.npmjs.org/strip-json-comments 4ms (cache hit)
629 silly packumentCache full:https://registry.npmjs.org/strip-json-comments set size:43569 disposed:false
630 silly fetch manifest path-key@^3.1.0
631 silly packumentCache full:https://registry.npmjs.org/path-key cache-miss
632 http cache https://registry.npmjs.org/@humanfs%2fcore 5ms (cache hit)
633 silly packumentCache full:https://registry.npmjs.org/@humanfs%2fcore set size:37261 disposed:false
634 silly fetch manifest shebang-command@^2.0.0
635 silly packumentCache full:https://registry.npmjs.org/shebang-command cache-miss
636 http cache https://registry.npmjs.org/@humanfs%2ftypes 5ms (cache hit)
637 silly packumentCache full:https://registry.npmjs.org/@humanfs%2ftypes set size:19212 disposed:false
638 silly fetch manifest ms@^2.1.3
639 silly packumentCache full:https://registry.npmjs.org/ms cache-miss
640 http cache https://registry.npmjs.org/uri-js 5ms (cache hit)
641 silly packumentCache full:https://registry.npmjs.org/uri-js set size:42559 disposed:false
642 silly fetch manifest esrecurse@^4.3.0
643 silly packumentCache full:https://registry.npmjs.org/esrecurse cache-miss
644 http cache https://registry.npmjs.org/json-schema-traverse 4ms (cache hit)
645 silly packumentCache full:https://registry.npmjs.org/json-schema-traverse set size:23537 disposed:false
646 silly fetch manifest estraverse@^5.2.0
647 silly packumentCache full:https://registry.npmjs.org/estraverse cache-miss
648 http cache https://registry.npmjs.org/ansi-styles 3ms (cache hit)
649 silly packumentCache full:https://registry.npmjs.org/ansi-styles set size:63233 disposed:false
650 silly fetch manifest acorn@^8.15.0
651 silly packumentCache full:https://registry.npmjs.org/acorn cache-miss
652 http cache https://registry.npmjs.org/path-key 3ms (cache hit)
653 silly packumentCache full:https://registry.npmjs.org/path-key set size:16975 disposed:false
654 silly fetch manifest acorn-jsx@^5.3.2
655 silly packumentCache full:https://registry.npmjs.org/acorn-jsx cache-miss
656 http cache https://registry.npmjs.org/supports-color 4ms (cache hit)
657 silly packumentCache full:https://registry.npmjs.org/supports-color set size:118680 disposed:false
658 silly fetch manifest estraverse@^5.1.0
659 silly packumentCache full:https://registry.npmjs.org/estraverse cache-miss
660 http cache https://registry.npmjs.org/fast-json-stable-stringify 6ms (cache hit)
661 silly packumentCache full:https://registry.npmjs.org/fast-json-stable-stringify set size:11337 disposed:false
662 silly fetch manifest flat-cache@^4.0.0
663 silly packumentCache full:https://registry.npmjs.org/flat-cache cache-miss
664 http cache https://registry.npmjs.org/shebang-command 4ms (cache hit)
665 silly packumentCache full:https://registry.npmjs.org/shebang-command set size:8525 disposed:false
666 silly fetch manifest locate-path@^6.0.0
667 silly packumentCache full:https://registry.npmjs.org/locate-path cache-miss
668 http cache https://registry.npmjs.org/ms 4ms (cache hit)
669 silly packumentCache full:https://registry.npmjs.org/ms set size:92208 disposed:false
670 silly fetch manifest path-exists@^4.0.0
671 silly packumentCache full:https://registry.npmjs.org/path-exists cache-miss
672 http cache https://registry.npmjs.org/which 6ms (cache hit)
673 silly packumentCache full:https://registry.npmjs.org/which set size:70143 disposed:false
674 silly fetch manifest is-glob@^4.0.3
675 silly packumentCache full:https://registry.npmjs.org/is-glob cache-hit
676 silly fetch manifest is-extglob@^2.1.1
677 silly packumentCache full:https://registry.npmjs.org/is-extglob cache-miss
678 http cache https://registry.npmjs.org/esrecurse 5ms (cache hit)
679 silly packumentCache full:https://registry.npmjs.org/esrecurse set size:29005 disposed:false
680 silly fetch manifest brace-expansion@^1.1.7
681 silly packumentCache full:https://registry.npmjs.org/brace-expansion cache-miss
682 http cache https://registry.npmjs.org/estraverse 3ms (cache hit)
683 silly packumentCache full:https://registry.npmjs.org/estraverse set size:62412 disposed:false
684 silly fetch manifest prelude-ls@^1.2.1
685 silly packumentCache full:https://registry.npmjs.org/prelude-ls cache-miss
686 http cache https://registry.npmjs.org/acorn 4ms (cache hit)
687 silly packumentCache full:https://registry.npmjs.org/acorn set size:379626 disposed:false
688 silly fetch manifest deep-is@^0.1.3
689 silly packumentCache full:https://registry.npmjs.org/deep-is cache-miss
690 http cache https://registry.npmjs.org/acorn-jsx 5ms (cache hit)
691 silly packumentCache full:https://registry.npmjs.org/acorn-jsx set size:71068 disposed:false
692 silly fetch manifest word-wrap@^1.2.5
693 silly packumentCache full:https://registry.npmjs.org/word-wrap cache-miss
694 http cache https://registry.npmjs.org/flat-cache 5ms (cache hit)
695 silly packumentCache full:https://registry.npmjs.org/flat-cache set size:169582 disposed:false
696 silly fetch manifest type-check@^0.4.0
697 silly packumentCache full:https://registry.npmjs.org/type-check cache-miss
698 http cache https://registry.npmjs.org/estraverse 8ms (cache hit)
699 silly packumentCache full:https://registry.npmjs.org/estraverse set size:62412 disposed:false
700 silly packumentCache full:https://registry.npmjs.org/estraverse dispose
701 silly fetch manifest fast-levenshtein@^2.0.6
702 silly packumentCache full:https://registry.npmjs.org/fast-levenshtein cache-miss
703 http cache https://registry.npmjs.org/path-exists 5ms (cache hit)
704 silly packumentCache full:https://registry.npmjs.org/path-exists set size:13704 disposed:false
705 http cache https://registry.npmjs.org/brace-expansion 5ms (cache hit)
706 silly packumentCache full:https://registry.npmjs.org/brace-expansion set size:72152 disposed:false
707 http cache https://registry.npmjs.org/is-extglob 5ms (cache hit)
708 silly packumentCache full:https://registry.npmjs.org/is-extglob set size:11766 disposed:false
709 http cache https://registry.npmjs.org/locate-path 7ms (cache hit)
710 silly packumentCache full:https://registry.npmjs.org/locate-path set size:31329 disposed:false
711 http cache https://registry.npmjs.org/deep-is 3ms (cache hit)
712 silly packumentCache full:https://registry.npmjs.org/deep-is set size:10205 disposed:false
713 http cache https://registry.npmjs.org/type-check 3ms (cache hit)
714 silly packumentCache full:https://registry.npmjs.org/type-check set size:21221 disposed:false
715 http cache https://registry.npmjs.org/prelude-ls 5ms (cache hit)
716 silly packumentCache full:https://registry.npmjs.org/prelude-ls set size:25777 disposed:false
717 http cache https://registry.npmjs.org/fast-levenshtein 2ms (cache hit)
718 silly packumentCache full:https://registry.npmjs.org/fast-levenshtein set size:39317 disposed:false
719 http cache https://registry.npmjs.org/word-wrap 3ms (cache hit)
720 silly packumentCache full:https://registry.npmjs.org/word-wrap set size:37835 disposed:false
721 silly placeDep node_modules/@eslint-community/eslint-utils eslint-visitor-keys@3.4.3 OK for: @eslint-community/eslint-utils@4.9.1 want: ^3.4.3
722 silly placeDep ROOT @eslint/object-schema@2.1.7 OK for: @eslint/config-array@0.21.2 want: ^2.1.7
723 silly placeDep ROOT @types/json-schema@7.0.15 OK for: @eslint/core@0.17.0 want: ^7.0.15
724 silly placeDep ROOT globals@14.0.0 OK for: @eslint/eslintrc@3.3.5 want: ^14.0.0
725 silly placeDep ROOT import-fresh@3.3.1 OK for: @eslint/eslintrc@3.3.5 want: ^3.2.1
726 silly placeDep ROOT js-yaml@4.2.0 OK for: @eslint/eslintrc@3.3.5 want: ^4.1.1
727 silly placeDep ROOT strip-json-comments@3.1.1 OK for: @eslint/eslintrc@3.3.5 want: ^3.1.1
728 silly fetch manifest resolve-from@^4.0.0
729 silly packumentCache full:https://registry.npmjs.org/resolve-from cache-miss
730 silly fetch manifest parent-module@^1.0.0
731 silly packumentCache full:https://registry.npmjs.org/parent-module cache-miss
732 silly fetch manifest argparse@^2.0.1
733 silly packumentCache full:https://registry.npmjs.org/argparse cache-miss
734 http cache https://registry.npmjs.org/parent-module 1ms (cache hit)
735 silly packumentCache full:https://registry.npmjs.org/parent-module set size:18255 disposed:false
736 http cache https://registry.npmjs.org/argparse 1ms (cache hit)
737 silly packumentCache full:https://registry.npmjs.org/argparse set size:49266 disposed:false
738 http cache https://registry.npmjs.org/resolve-from 2ms (cache hit)
739 silly packumentCache full:https://registry.npmjs.org/resolve-from set size:12911 disposed:false
740 silly placeDep ROOT levn@0.4.1 OK for: @eslint/plugin-kit@0.4.1 want: ^0.4.1
741 silly fetch manifest type-check@~0.4.0
742 silly packumentCache full:https://registry.npmjs.org/type-check cache-hit
743 silly placeDep ROOT @humanfs/core@0.19.2 OK for: @humanfs/node@0.16.8 want: ^0.19.2
744 silly placeDep ROOT @humanfs/types@0.15.0 OK for: @humanfs/node@0.16.8 want: ^0.15.0
745 silly placeDep ROOT fast-json-stable-stringify@2.1.0 OK for: ajv@6.15.0 want: ^2.0.0
746 silly placeDep ROOT json-schema-traverse@0.4.1 OK for: ajv@6.15.0 want: ^0.4.1
747 silly placeDep ROOT uri-js@4.4.1 OK for: ajv@6.15.0 want: ^4.2.2
748 silly fetch manifest punycode@^2.1.0
749 silly packumentCache full:https://registry.npmjs.org/punycode cache-miss
750 http cache https://registry.npmjs.org/punycode 0ms (cache hit)
751 silly packumentCache full:https://registry.npmjs.org/punycode set size:61278 disposed:false
752 silly placeDep ROOT ansi-styles@4.3.0 OK for: chalk@4.1.2 want: ^4.1.0
753 silly placeDep ROOT supports-color@7.2.0 OK for: chalk@4.1.2 want: ^7.1.0
754 silly fetch manifest color-convert@^2.0.1
755 silly packumentCache full:https://registry.npmjs.org/color-convert cache-miss
756 silly fetch manifest has-flag@^4.0.0
757 silly packumentCache full:https://registry.npmjs.org/has-flag cache-miss
758 http cache https://registry.npmjs.org/has-flag 1ms (cache hit)
759 silly packumentCache full:https://registry.npmjs.org/has-flag set size:15180 disposed:false
760 http cache https://registry.npmjs.org/color-convert 1ms (cache hit)
761 silly packumentCache full:https://registry.npmjs.org/color-convert set size:72663 disposed:false
762 silly placeDep ROOT color-convert@2.0.1 OK for: ansi-styles@4.3.0 want: ^2.0.1
763 silly fetch manifest color-name@~1.1.4
764 silly packumentCache full:https://registry.npmjs.org/color-name cache-miss
765 http cache https://registry.npmjs.org/color-name 1ms (cache hit)
766 silly packumentCache full:https://registry.npmjs.org/color-name set size:19467 disposed:false
767 silly placeDep ROOT color-name@1.1.4 OK for: color-convert@2.0.1 want: ~1.1.4
768 silly placeDep ROOT path-key@3.1.1 OK for: cross-spawn@7.0.6 want: ^3.1.0
769 silly placeDep ROOT shebang-command@2.0.0 OK for: cross-spawn@7.0.6 want: ^2.0.0
770 silly placeDep ROOT which@2.0.2 OK for: cross-spawn@7.0.6 want: ^2.0.1
771 silly fetch manifest shebang-regex@^3.0.0
772 silly packumentCache full:https://registry.npmjs.org/shebang-regex cache-miss
773 silly fetch manifest isexe@^2.0.0
774 silly packumentCache full:https://registry.npmjs.org/isexe cache-miss
775 http cache https://registry.npmjs.org/shebang-regex 0ms (cache hit)
776 silly packumentCache full:https://registry.npmjs.org/shebang-regex set size:9763 disposed:false
777 http cache https://registry.npmjs.org/isexe 1ms (cache hit)
778 silly packumentCache full:https://registry.npmjs.org/isexe set size:31756 disposed:false
779 silly placeDep ROOT ms@2.1.3 OK for: debug@4.4.3 want: ^2.1.3
780 silly fetch manifest eslint@>=9.0.0
781 silly packumentCache full:https://registry.npmjs.org/eslint cache-miss
782 http cache https://registry.npmjs.org/eslint 2ms (cache hit)
783 silly packumentCache full:https://registry.npmjs.org/eslint set size:2004222 disposed:false
784 silly fetch manifest typescript@>=3.3.1
785 silly packumentCache full:https://registry.npmjs.org/typescript cache-miss
786 http cache https://registry.npmjs.org/typescript 9ms (cache hit)
787 silly packumentCache full:https://registry.npmjs.org/typescript set size:15409943 disposed:false
788 silly fetch manifest eslint@^3 || ^4 || ^5 || ^6 || ^7 || ^8 || ^9.7
789 silly packumentCache full:https://registry.npmjs.org/eslint cache-miss
790 http cache https://registry.npmjs.org/eslint 5ms (cache hit)
791 silly packumentCache full:https://registry.npmjs.org/eslint set size:2004222 disposed:false
792 silly fetch manifest eslint@^2 || ^3 || ^4 || ^5 || ^6 || ^7.2.0 || ^8 || ^9
793 silly packumentCache full:https://registry.npmjs.org/eslint cache-miss
794 http cache https://registry.npmjs.org/eslint 2ms (cache hit)
795 silly packumentCache full:https://registry.npmjs.org/eslint set size:2004222 disposed:false
796 silly fetch manifest eslint@^3 || ^4 || ^5 || ^6 || ^7 || ^8 || ^9
797 silly packumentCache full:https://registry.npmjs.org/eslint cache-miss
798 http cache https://registry.npmjs.org/eslint 2ms (cache hit)
799 silly packumentCache full:https://registry.npmjs.org/eslint set size:2004222 disposed:false
800 silly fetch manifest eslint-plugin-import-x@*
801 silly packumentCache full:https://registry.npmjs.org/eslint-plugin-import-x cache-miss
802 http cache https://registry.npmjs.org/eslint-plugin-import-x 1ms (cache hit)
803 silly packumentCache full:https://registry.npmjs.org/eslint-plugin-import-x set size:270770 disposed:false
804 silly fetch manifest @typescript-eslint/utils@^8.56.0
805 silly packumentCache full:https://registry.npmjs.org/@typescript-eslint%2futils cache-miss
806 http cache https://registry.npmjs.org/@typescript-eslint%2futils 7ms (cache hit)
807 silly packumentCache full:https://registry.npmjs.org/@typescript-eslint%2futils set size:10214718 disposed:false
808 silly placeDep ROOT @next/eslint-plugin-next@16.2.7 OK for: eslint-config-next@16.2.7 want: 16.2.7
809 silly placeDep ROOT eslint-import-resolver-node@0.3.10 OK for: eslint-config-next@16.2.7 want: ^0.3.6
810 silly placeDep ROOT eslint-import-resolver-typescript@3.10.1 OK for: eslint-config-next@16.2.7 want: ^3.5.2
811 silly placeDep ROOT eslint-plugin-import@2.32.0 OK for: eslint-config-next@16.2.7 want: ^2.32.0
812 silly placeDep ROOT eslint-plugin-jsx-a11y@6.10.2 OK for: eslint-config-next@16.2.7 want: ^6.10.0
813 silly placeDep ROOT eslint-plugin-react@7.37.5 OK for: eslint-config-next@16.2.7 want: ^7.37.0
814 silly placeDep ROOT eslint-plugin-react-hooks@7.1.1 OK for: eslint-config-next@16.2.7 want: ^7.0.0
815 silly placeDep node_modules/eslint-config-next globals@16.4.0 OK for: eslint-config-next@16.2.7 want: 16.4.0
816 silly placeDep ROOT typescript-eslint@8.60.1 OK for: eslint-config-next@16.2.7 want: ^8.46.0
817 silly fetch manifest fast-glob@3.3.1
818 silly packumentCache full:https://registry.npmjs.org/fast-glob cache-miss
819 silly fetch manifest debug@^3.2.7
820 silly packumentCache full:https://registry.npmjs.org/debug cache-hit
821 silly fetch manifest resolve@^2.0.0-next.6
822 silly packumentCache full:https://registry.npmjs.org/resolve cache-miss
823 silly fetch manifest is-core-module@^2.16.1
824 silly packumentCache full:https://registry.npmjs.org/is-core-module cache-miss
825 silly fetch manifest tinyglobby@^0.2.13
826 silly packumentCache full:https://registry.npmjs.org/tinyglobby cache-miss
827 silly fetch manifest stable-hash@^0.0.5
828 silly packumentCache full:https://registry.npmjs.org/stable-hash cache-miss
829 silly fetch manifest get-tsconfig@^4.10.0
830 silly packumentCache full:https://registry.npmjs.org/get-tsconfig cache-miss
831 silly fetch manifest is-bun-module@^2.0.0
832 silly packumentCache full:https://registry.npmjs.org/is-bun-module cache-miss
833 silly fetch manifest unrs-resolver@^1.6.2
834 silly packumentCache full:https://registry.npmjs.org/unrs-resolver cache-miss
835 silly fetch manifest @nolyfill/is-core-module@1.0.39
836 silly packumentCache full:https://registry.npmjs.org/@nolyfill%2fis-core-module cache-miss
837 http cache https://registry.npmjs.org/is-core-module 2ms (cache hit)
838 silly packumentCache full:https://registry.npmjs.org/is-core-module set size:74378 disposed:false
839 silly fetch manifest @rtsao/scc@^1.1.0
840 silly packumentCache full:https://registry.npmjs.org/@rtsao%2fscc cache-miss
841 http cache https://registry.npmjs.org/stable-hash 2ms (cache hit)
842 silly packumentCache full:https://registry.npmjs.org/stable-hash set size:18359 disposed:false
843 silly fetch manifest array-includes@^3.1.9
844 silly packumentCache full:https://registry.npmjs.org/array-includes cache-miss
845 http cache https://registry.npmjs.org/tinyglobby 2ms (cache hit)
846 silly packumentCache full:https://registry.npmjs.org/tinyglobby set size:54291 disposed:false
847 silly fetch manifest array.prototype.findlastindex@^1.2.6
848 silly packumentCache full:https://registry.npmjs.org/array.prototype.findlastindex cache-miss
849 http cache https://registry.npmjs.org/unrs-resolver 3ms (cache hit)
850 silly packumentCache full:https://registry.npmjs.org/unrs-resolver set size:151128 disposed:false
851 silly fetch manifest array.prototype.flat@^1.3.3
852 silly packumentCache full:https://registry.npmjs.org/array.prototype.flat cache-miss
853 http cache https://registry.npmjs.org/is-bun-module 4ms (cache hit)
854 silly packumentCache full:https://registry.npmjs.org/is-bun-module set size:19768 disposed:false
855 silly fetch manifest array.prototype.flatmap@^1.3.3
856 silly packumentCache full:https://registry.npmjs.org/array.prototype.flatmap cache-miss
857 http cache https://registry.npmjs.org/get-tsconfig 4ms (cache hit)
858 silly packumentCache full:https://registry.npmjs.org/get-tsconfig set size:128095 disposed:false
859 silly fetch manifest doctrine@^2.1.0
860 silly packumentCache full:https://registry.npmjs.org/doctrine cache-miss
861 http cache https://registry.npmjs.org/fast-glob 5ms (cache hit)
862 silly packumentCache full:https://registry.npmjs.org/fast-glob set size:220556 disposed:false
863 silly fetch manifest eslint-module-utils@^2.12.1
864 silly packumentCache full:https://registry.npmjs.org/eslint-module-utils cache-miss
865 http cache https://registry.npmjs.org/@nolyfill%2fis-core-module 6ms (cache hit)
866 silly packumentCache full:https://registry.npmjs.org/@nolyfill%2fis-core-module set size:10461 disposed:false
867 silly fetch manifest hasown@^2.0.2
868 silly packumentCache full:https://registry.npmjs.org/hasown cache-miss
869 http cache https://registry.npmjs.org/resolve 7ms (cache hit)
870 silly packumentCache full:https://registry.npmjs.org/resolve set size:244568 disposed:false
871 silly fetch manifest object.fromentries@^2.0.8
872 silly packumentCache full:https://registry.npmjs.org/object.fromentries cache-miss
873 http cache https://registry.npmjs.org/array-includes 6ms (cache hit)
874 silly packumentCache full:https://registry.npmjs.org/array-includes set size:77143 disposed:false
875 silly fetch manifest object.groupby@^1.0.3
876 silly packumentCache full:https://registry.npmjs.org/object.groupby cache-miss
877 http cache https://registry.npmjs.org/@rtsao%2fscc 8ms (cache hit)
878 silly packumentCache full:https://registry.npmjs.org/@rtsao%2fscc set size:6332 disposed:false
879 silly fetch manifest object.values@^1.2.1
880 silly packumentCache full:https://registry.npmjs.org/object.values cache-miss
881 http cache https://registry.npmjs.org/eslint-module-utils 5ms (cache hit)
882 silly packumentCache full:https://registry.npmjs.org/eslint-module-utils set size:80506 disposed:false
883 silly fetch manifest semver@^6.3.1
884 silly packumentCache full:https://registry.npmjs.org/semver cache-miss
885 http cache https://registry.npmjs.org/array.prototype.flatmap 6ms (cache hit)
886 silly packumentCache full:https://registry.npmjs.org/array.prototype.flatmap set size:51458 disposed:false
887 silly fetch manifest string.prototype.trimend@^1.0.9
888 silly packumentCache full:https://registry.npmjs.org/string.prototype.trimend cache-miss
889 http cache https://registry.npmjs.org/array.prototype.flat 8ms (cache hit)
890 silly packumentCache full:https://registry.npmjs.org/array.prototype.flat set size:38327 disposed:false
891 silly fetch manifest tsconfig-paths@^3.15.0
892 silly packumentCache full:https://registry.npmjs.org/tsconfig-paths cache-miss
893 http cache https://registry.npmjs.org/array.prototype.findlastindex 8ms (cache hit)
894 silly packumentCache full:https://registry.npmjs.org/array.prototype.findlastindex set size:44828 disposed:false
895 silly fetch manifest aria-query@^5.3.2
896 silly packumentCache full:https://registry.npmjs.org/aria-query cache-miss
897 http cache https://registry.npmjs.org/doctrine 7ms (cache hit)
898 silly packumentCache full:https://registry.npmjs.org/doctrine set size:64052 disposed:false
899 silly fetch manifest array-includes@^3.1.8
900 silly packumentCache full:https://registry.npmjs.org/array-includes cache-hit
901 silly fetch manifest array.prototype.flatmap@^1.3.2
902 silly packumentCache full:https://registry.npmjs.org/array.prototype.flatmap cache-hit
903 silly fetch manifest ast-types-flow@^0.0.8
904 silly packumentCache full:https://registry.npmjs.org/ast-types-flow cache-miss
905 http cache https://registry.npmjs.org/hasown 6ms (cache hit)
906 silly packumentCache full:https://registry.npmjs.org/hasown set size:18361 disposed:false
907 silly fetch manifest axe-core@^4.10.0
908 silly packumentCache full:https://registry.npmjs.org/axe-core cache-miss
909 http cache https://registry.npmjs.org/object.fromentries 6ms (cache hit)
910 silly packumentCache full:https://registry.npmjs.org/object.fromentries set size:37686 disposed:false
911 silly fetch manifest axobject-query@^4.1.0
912 silly packumentCache full:https://registry.npmjs.org/axobject-query cache-miss
913 http cache https://registry.npmjs.org/object.groupby 6ms (cache hit)
914 silly packumentCache full:https://registry.npmjs.org/object.groupby set size:15504 disposed:false
915 silly fetch manifest damerau-levenshtein@^1.0.8
916 silly packumentCache full:https://registry.npmjs.org/damerau-levenshtein cache-miss
917 http cache https://registry.npmjs.org/semver 4ms (cache hit)
918 silly packumentCache full:https://registry.npmjs.org/semver set size:235672 disposed:false
919 silly fetch manifest emoji-regex@^9.2.2
920 silly packumentCache full:https://registry.npmjs.org/emoji-regex cache-miss
921 http cache https://registry.npmjs.org/string.prototype.trimend 5ms (cache hit)
922 silly packumentCache full:https://registry.npmjs.org/string.prototype.trimend set size:41090 disposed:false
923 silly fetch manifest jsx-ast-utils@^3.3.5
924 silly packumentCache full:https://registry.npmjs.org/jsx-ast-utils cache-miss
925 http cache https://registry.npmjs.org/object.values 6ms (cache hit)
926 silly packumentCache full:https://registry.npmjs.org/object.values set size:49009 disposed:false
927 silly fetch manifest language-tags@^1.0.9
928 silly packumentCache full:https://registry.npmjs.org/language-tags cache-miss
929 http cache https://registry.npmjs.org/ast-types-flow 4ms (cache hit)
930 silly packumentCache full:https://registry.npmjs.org/ast-types-flow set size:15144 disposed:false
931 silly fetch manifest safe-regex-test@^1.0.3
932 silly packumentCache full:https://registry.npmjs.org/safe-regex-test cache-miss
933 http cache https://registry.npmjs.org/tsconfig-paths 6ms (cache hit)
934 silly packumentCache full:https://registry.npmjs.org/tsconfig-paths set size:192565 disposed:false
935 silly fetch manifest string.prototype.includes@^2.0.1
936 silly packumentCache full:https://registry.npmjs.org/string.prototype.includes cache-miss
937 http cache https://registry.npmjs.org/aria-query 6ms (cache hit)
938 silly packumentCache full:https://registry.npmjs.org/aria-query set size:98864 disposed:false
939 silly fetch manifest array.prototype.findlast@^1.2.5
940 silly packumentCache full:https://registry.npmjs.org/array.prototype.findlast cache-miss
941 http cache https://registry.npmjs.org/axobject-query 5ms (cache hit)
942 silly packumentCache full:https://registry.npmjs.org/axobject-query set size:75032 disposed:false
943 silly fetch manifest array.prototype.tosorted@^1.1.4
944 silly packumentCache full:https://registry.npmjs.org/array.prototype.tosorted cache-miss
945 http cache https://registry.npmjs.org/jsx-ast-utils 4ms (cache hit)
946 silly packumentCache full:https://registry.npmjs.org/jsx-ast-utils set size:115998 disposed:false
947 silly fetch manifest es-iterator-helpers@^1.2.1
948 silly packumentCache full:https://registry.npmjs.org/es-iterator-helpers cache-miss
949 http cache https://registry.npmjs.org/damerau-levenshtein 7ms (cache hit)
950 silly packumentCache full:https://registry.npmjs.org/damerau-levenshtein set size:23390 disposed:false
951 silly fetch manifest estraverse@^5.3.0
952 silly packumentCache full:https://registry.npmjs.org/estraverse cache-hit
953 silly fetch manifest jsx-ast-utils@^2.4.1 || ^3.0.0
954 silly packumentCache full:https://registry.npmjs.org/jsx-ast-utils cache-hit
955 silly fetch manifest object.entries@^1.1.9
956 silly packumentCache full:https://registry.npmjs.org/object.entries cache-miss
957 http cache https://registry.npmjs.org/emoji-regex 7ms (cache hit)
958 silly packumentCache full:https://registry.npmjs.org/emoji-regex set size:89064 disposed:false
959 silly fetch manifest prop-types@^15.8.1
960 silly packumentCache full:https://registry.npmjs.org/prop-types cache-miss
961 http cache https://registry.npmjs.org/language-tags 6ms (cache hit)
962 silly packumentCache full:https://registry.npmjs.org/language-tags set size:38675 disposed:false
963 silly fetch manifest resolve@^2.0.0-next.5
964 silly packumentCache full:https://registry.npmjs.org/resolve cache-hit
965 silly fetch manifest string.prototype.matchall@^4.0.12
966 silly packumentCache full:https://registry.npmjs.org/string.prototype.matchall cache-miss
967 http cache https://registry.npmjs.org/axe-core 15ms (cache hit)
968 silly packumentCache full:https://registry.npmjs.org/axe-core set size:9404205 disposed:false
969 silly fetch manifest string.prototype.repeat@^1.0.0
970 silly packumentCache full:https://registry.npmjs.org/string.prototype.repeat cache-miss
971 http cache https://registry.npmjs.org/safe-regex-test 31ms (cache hit)
972 silly packumentCache full:https://registry.npmjs.org/safe-regex-test set size:17412 disposed:false
973 silly fetch manifest zod@^3.25.0 || ^4.0.0
974 silly packumentCache full:https://registry.npmjs.org/zod cache-miss
975 http cache https://registry.npmjs.org/array.prototype.findlast 30ms (cache hit)
976 silly packumentCache full:https://registry.npmjs.org/array.prototype.findlast set size:40323 disposed:false
977 silly fetch manifest @babel/core@^7.24.4
978 silly packumentCache full:https://registry.npmjs.org/@babel%2fcore cache-miss
979 http cache https://registry.npmjs.org/string.prototype.includes 31ms (cache hit)
980 silly packumentCache full:https://registry.npmjs.org/string.prototype.includes set size:10217 disposed:false
981 silly fetch manifest @babel/parser@^7.24.4
982 silly packumentCache full:https://registry.npmjs.org/@babel%2fparser cache-miss
983 http cache https://registry.npmjs.org/array.prototype.tosorted 31ms (cache hit)
984 silly packumentCache full:https://registry.npmjs.org/array.prototype.tosorted set size:24661 disposed:false
985 silly fetch manifest hermes-parser@^0.25.1
986 silly packumentCache full:https://registry.npmjs.org/hermes-parser cache-miss
987 http cache https://registry.npmjs.org/es-iterator-helpers 30ms (cache hit)
988 silly packumentCache full:https://registry.npmjs.org/es-iterator-helpers set size:258484 disposed:false
989 silly fetch manifest zod-validation-error@^3.5.0 || ^4.0.0
990 silly packumentCache full:https://registry.npmjs.org/zod-validation-error cache-miss
991 http cache https://registry.npmjs.org/string.prototype.matchall 29ms (cache hit)
992 silly packumentCache full:https://registry.npmjs.org/string.prototype.matchall set size:63239 disposed:false
993 silly fetch manifest @typescript-eslint/utils@8.60.1
994 silly packumentCache full:https://registry.npmjs.org/@typescript-eslint%2futils cache-miss
995 http cache https://registry.npmjs.org/prop-types 30ms (cache hit)
996 silly packumentCache full:https://registry.npmjs.org/prop-types set size:76747 disposed:false
997 silly fetch manifest @typescript-eslint/parser@8.60.1
998 silly packumentCache full:https://registry.npmjs.org/@typescript-eslint%2fparser cache-miss
999 http cache https://registry.npmjs.org/object.entries 32ms (cache hit)
1000 silly packumentCache full:https://registry.npmjs.org/object.entries set size:50037 disposed:false
1001 silly fetch manifest @typescript-eslint/eslint-plugin@8.60.1
1002 silly packumentCache full:https://registry.npmjs.org/@typescript-eslint%2feslint-plugin cache-miss
1003 http cache https://registry.npmjs.org/string.prototype.repeat 8ms (cache hit)
1004 silly packumentCache full:https://registry.npmjs.org/string.prototype.repeat set size:8608 disposed:false
1005 silly fetch manifest @typescript-eslint/typescript-estree@8.60.1
1006 silly packumentCache full:https://registry.npmjs.org/@typescript-eslint%2ftypescript-estree cache-miss
1007 http cache https://registry.npmjs.org/@babel%2fcore 6ms (cache hit)
1008 silly packumentCache full:https://registry.npmjs.org/@babel%2fcore set size:779631 disposed:false
1009 http cache https://registry.npmjs.org/@babel%2fparser 7ms (cache hit)
1010 silly packumentCache full:https://registry.npmjs.org/@babel%2fparser set size:730539 disposed:false
1011 http cache https://registry.npmjs.org/zod 12ms (cache hit)
1012 silly packumentCache full:https://registry.npmjs.org/zod set size:3552562 disposed:false
1013 http cache https://registry.npmjs.org/hermes-parser 16ms (cache hit)
1014 silly packumentCache full:https://registry.npmjs.org/hermes-parser set size:170002 disposed:false
1015 http cache https://registry.npmjs.org/zod-validation-error 15ms (cache hit)
1016 silly packumentCache full:https://registry.npmjs.org/zod-validation-error set size:178465 disposed:false
1017 http cache https://registry.npmjs.org/@typescript-eslint%2futils 22ms (cache hit)
1018 silly packumentCache full:https://registry.npmjs.org/@typescript-eslint%2futils set size:10214718 disposed:false
1019 http cache https://registry.npmjs.org/@typescript-eslint%2ftypescript-estree 50ms (cache hit)
1020 silly packumentCache full:https://registry.npmjs.org/@typescript-eslint%2ftypescript-estree set size:16456246 disposed:false
1021 http cache https://registry.npmjs.org/@typescript-eslint%2feslint-plugin 92ms (cache hit)
1022 silly packumentCache full:https://registry.npmjs.org/@typescript-eslint%2feslint-plugin set size:18009777 disposed:false
1023 http cache https://registry.npmjs.org/@typescript-eslint%2fparser 125ms (cache hit)
1024 silly packumentCache full:https://registry.npmjs.org/@typescript-eslint%2fparser set size:15248520 disposed:false
1025 silly placeDep ROOT fast-glob@3.3.1 OK for: @next/eslint-plugin-next@16.2.7 want: 3.3.1
1026 silly fetch manifest merge2@^1.3.0
1027 silly packumentCache full:https://registry.npmjs.org/merge2 cache-miss
1028 silly fetch manifest micromatch@^4.0.4
1029 silly packumentCache full:https://registry.npmjs.org/micromatch cache-miss
1030 silly fetch manifest glob-parent@^5.1.2
1031 silly packumentCache full:https://registry.npmjs.org/glob-parent cache-hit
1032 silly fetch manifest @nodelib/fs.stat@^2.0.2
1033 silly packumentCache full:https://registry.npmjs.org/@nodelib%2ffs.stat cache-miss
1034 silly fetch manifest @nodelib/fs.walk@^1.2.3
1035 silly packumentCache full:https://registry.npmjs.org/@nodelib%2ffs.walk cache-miss
1036 http cache https://registry.npmjs.org/micromatch 2ms (cache hit)
1037 silly packumentCache full:https://registry.npmjs.org/micromatch set size:240630 disposed:false
1038 http cache https://registry.npmjs.org/@nodelib%2ffs.walk 3ms (cache hit)
1039 silly packumentCache full:https://registry.npmjs.org/@nodelib%2ffs.walk set size:41589 disposed:false
1040 http cache https://registry.npmjs.org/merge2 4ms (cache hit)
1041 silly packumentCache full:https://registry.npmjs.org/merge2 set size:46159 disposed:false
1042 http cache https://registry.npmjs.org/@nodelib%2ffs.stat 4ms (cache hit)
1043 silly packumentCache full:https://registry.npmjs.org/@nodelib%2ffs.stat set size:36993 disposed:false
1044 silly placeDep node_modules/eslint-import-resolver-node debug@3.2.7 OK for: eslint-import-resolver-node@0.3.10 want: ^3.2.7
1045 silly placeDep ROOT is-core-module@2.16.2 OK for: eslint-import-resolver-node@0.3.10 want: ^2.16.1
1046 silly placeDep ROOT resolve@2.0.0-next.7 OK for: eslint-import-resolver-node@0.3.10 want: ^2.0.0-next.6
1047 silly fetch manifest hasown@^2.0.3
1048 silly packumentCache full:https://registry.npmjs.org/hasown cache-hit
1049 silly fetch manifest es-errors@^1.3.0
1050 silly packumentCache full:https://registry.npmjs.org/es-errors cache-miss
1051 silly fetch manifest node-exports-info@^1.6.0
1052 silly packumentCache full:https://registry.npmjs.org/node-exports-info cache-miss
1053 silly fetch manifest object-keys@^1.1.1
1054 silly packumentCache full:https://registry.npmjs.org/object-keys cache-miss
1055 silly fetch manifest path-parse@^1.0.7
1056 silly packumentCache full:https://registry.npmjs.org/path-parse cache-miss
1057 silly fetch manifest supports-preserve-symlinks-flag@^1.0.0
1058 silly packumentCache full:https://registry.npmjs.org/supports-preserve-symlinks-flag cache-miss
1059 http cache https://registry.npmjs.org/path-parse 6ms (cache hit)
1060 silly packumentCache full:https://registry.npmjs.org/path-parse set size:14523 disposed:false
1061 http cache https://registry.npmjs.org/supports-preserve-symlinks-flag 6ms (cache hit)
1062 silly packumentCache full:https://registry.npmjs.org/supports-preserve-symlinks-flag set size:6802 disposed:false
1063 http cache https://registry.npmjs.org/node-exports-info 6ms (cache hit)
1064 silly packumentCache full:https://registry.npmjs.org/node-exports-info set size:58723 disposed:false
1065 http cache https://registry.npmjs.org/object-keys 7ms (cache hit)
1066 silly packumentCache full:https://registry.npmjs.org/object-keys set size:67744 disposed:false
1067 http cache https://registry.npmjs.org/es-errors 7ms (cache hit)
1068 silly packumentCache full:https://registry.npmjs.org/es-errors set size:16918 disposed:false
1069 silly placeDep ROOT @nolyfill/is-core-module@1.0.39 OK for: eslint-import-resolver-typescript@3.10.1 want: 1.0.39
1070 silly placeDep ROOT get-tsconfig@4.14.0 OK for: eslint-import-resolver-typescript@3.10.1 want: ^4.10.0
1071 silly placeDep ROOT is-bun-module@2.0.0 OK for: eslint-import-resolver-typescript@3.10.1 want: ^2.0.0
1072 silly placeDep ROOT stable-hash@0.0.5 OK for: eslint-import-resolver-typescript@3.10.1 want: ^0.0.5
1073 silly placeDep ROOT tinyglobby@0.2.17 OK for: eslint-import-resolver-typescript@3.10.1 want: ^0.2.13
1074 silly placeDep ROOT unrs-resolver@1.12.2 OK for: eslint-import-resolver-typescript@3.10.1 want: ^1.6.2
1075 silly fetch manifest resolve-pkg-maps@^1.0.0
1076 silly packumentCache full:https://registry.npmjs.org/resolve-pkg-maps cache-miss
1077 silly fetch manifest semver@^7.7.1
1078 silly packumentCache full:https://registry.npmjs.org/semver cache-hit
1079 silly fetch manifest fdir@^6.5.0
1080 silly packumentCache full:https://registry.npmjs.org/fdir cache-miss
1081 silly fetch manifest picomatch@^4.0.4
1082 silly packumentCache full:https://registry.npmjs.org/picomatch cache-miss
1083 silly fetch manifest napi-postinstall@^0.3.4
1084 silly packumentCache full:https://registry.npmjs.org/napi-postinstall cache-miss
1085 silly fetch manifest @unrs/resolver-binding-darwin-arm64@1.12.2
1086 silly packumentCache full:https://registry.npmjs.org/@unrs%2fresolver-binding-darwin-arm64 cache-miss
1087 silly fetch manifest @unrs/resolver-binding-android-arm64@1.12.2
1088 silly packumentCache full:https://registry.npmjs.org/@unrs%2fresolver-binding-android-arm64 cache-miss
1089 silly fetch manifest @unrs/resolver-binding-win32-arm64-msvc@1.12.2
1090 silly packumentCache full:https://registry.npmjs.org/@unrs%2fresolver-binding-win32-arm64-msvc cache-miss
1091 silly fetch manifest @unrs/resolver-binding-linux-arm64-gnu@1.12.2
1092 silly packumentCache full:https://registry.npmjs.org/@unrs%2fresolver-binding-linux-arm64-gnu cache-miss
1093 silly fetch manifest @unrs/resolver-binding-linux-arm64-musl@1.12.2
1094 silly packumentCache full:https://registry.npmjs.org/@unrs%2fresolver-binding-linux-arm64-musl cache-miss
1095 http cache https://registry.npmjs.org/fdir 2ms (cache hit)
1096 silly packumentCache full:https://registry.npmjs.org/fdir set size:136182 disposed:false
1097 silly fetch manifest @unrs/resolver-binding-openharmony-arm64@1.12.2
1098 silly packumentCache full:https://registry.npmjs.org/@unrs%2fresolver-binding-openharmony-arm64 cache-miss
1099 http cache https://registry.npmjs.org/picomatch 3ms (cache hit)
1100 silly packumentCache full:https://registry.npmjs.org/picomatch set size:126376 disposed:false
1101 silly fetch manifest @unrs/resolver-binding-android-arm-eabi@1.12.2
1102 silly packumentCache full:https://registry.npmjs.org/@unrs%2fresolver-binding-android-arm-eabi cache-miss
1103 http cache https://registry.npmjs.org/@unrs%2fresolver-binding-darwin-arm64 3ms (cache hit)
1104 silly packumentCache full:https://registry.npmjs.org/@unrs%2fresolver-binding-darwin-arm64 set size:63676 disposed:false
1105 silly fetch manifest @unrs/resolver-binding-linux-arm-gnueabihf@1.12.2
1106 silly packumentCache full:https://registry.npmjs.org/@unrs%2fresolver-binding-linux-arm-gnueabihf cache-miss
1107 http cache https://registry.npmjs.org/@unrs%2fresolver-binding-android-arm64 3ms (cache hit)
1108 silly packumentCache full:https://registry.npmjs.org/@unrs%2fresolver-binding-android-arm64 set size:17616 disposed:false
1109 silly fetch manifest @unrs/resolver-binding-linux-arm-musleabihf@1.12.2
1110 silly packumentCache full:https://registry.npmjs.org/@unrs%2fresolver-binding-linux-arm-musleabihf cache-miss
1111 http cache https://registry.npmjs.org/resolve-pkg-maps 4ms (cache hit)
1112 silly packumentCache full:https://registry.npmjs.org/resolve-pkg-maps set size:11615 disposed:false
1113 silly fetch manifest @unrs/resolver-binding-win32-ia32-msvc@1.12.2
1114 silly packumentCache full:https://registry.npmjs.org/@unrs%2fresolver-binding-win32-ia32-msvc cache-miss
1115 http cache https://registry.npmjs.org/napi-postinstall 4ms (cache hit)
1116 silly packumentCache full:https://registry.npmjs.org/napi-postinstall set size:41400 disposed:false
1117 silly fetch manifest @unrs/resolver-binding-linux-loong64-gnu@1.12.2
1118 silly packumentCache full:https://registry.npmjs.org/@unrs%2fresolver-binding-linux-loong64-gnu cache-miss
1119 http cache https://registry.npmjs.org/@unrs%2fresolver-binding-win32-arm64-msvc 4ms (cache hit)
1120 silly packumentCache full:https://registry.npmjs.org/@unrs%2fresolver-binding-win32-arm64-msvc set size:64613 disposed:false
1121 silly fetch manifest @unrs/resolver-binding-linux-loong64-musl@1.12.2
1122 silly packumentCache full:https://registry.npmjs.org/@unrs%2fresolver-binding-linux-loong64-musl cache-miss
1123 http cache https://registry.npmjs.org/@unrs%2fresolver-binding-linux-arm64-gnu 5ms (cache hit)
1124 silly packumentCache full:https://registry.npmjs.org/@unrs%2fresolver-binding-linux-arm64-gnu set size:65047 disposed:false
1125 silly fetch manifest @unrs/resolver-binding-linux-ppc64-gnu@1.12.2
1126 silly packumentCache full:https://registry.npmjs.org/@unrs%2fresolver-binding-linux-ppc64-gnu cache-miss
1127 http cache https://registry.npmjs.org/@unrs%2fresolver-binding-linux-arm64-musl 5ms (cache hit)
1128 silly packumentCache full:https://registry.npmjs.org/@unrs%2fresolver-binding-linux-arm64-musl set size:65257 disposed:false
1129 silly fetch manifest @unrs/resolver-binding-linux-riscv64-gnu@1.12.2
1130 silly packumentCache full:https://registry.npmjs.org/@unrs%2fresolver-binding-linux-riscv64-gnu cache-miss
1131 http cache https://registry.npmjs.org/@unrs%2fresolver-binding-android-arm-eabi 3ms (cache hit)
1132 silly packumentCache full:https://registry.npmjs.org/@unrs%2fresolver-binding-android-arm-eabi set size:17797 disposed:false
1133 silly fetch manifest @unrs/resolver-binding-linux-riscv64-musl@1.12.2
1134 silly packumentCache full:https://registry.npmjs.org/@unrs%2fresolver-binding-linux-riscv64-musl cache-miss
1135 http cache https://registry.npmjs.org/@unrs%2fresolver-binding-linux-arm-musleabihf 3ms (cache hit)
1136 silly packumentCache full:https://registry.npmjs.org/@unrs%2fresolver-binding-linux-arm-musleabihf set size:65533 disposed:false
1137 silly fetch manifest @unrs/resolver-binding-linux-s390x-gnu@1.12.2
1138 silly packumentCache full:https://registry.npmjs.org/@unrs%2fresolver-binding-linux-s390x-gnu cache-miss
1139 http cache https://registry.npmjs.org/@unrs%2fresolver-binding-win32-ia32-msvc 3ms (cache hit)
1140 silly packumentCache full:https://registry.npmjs.org/@unrs%2fresolver-binding-win32-ia32-msvc set size:64317 disposed:false
1141 silly fetch manifest @unrs/resolver-binding-wasm32-wasi@1.12.2
1142 silly packumentCache full:https://registry.npmjs.org/@unrs%2fresolver-binding-wasm32-wasi cache-miss
1143 http cache https://registry.npmjs.org/@unrs%2fresolver-binding-linux-arm-gnueabihf 4ms (cache hit)
1144 silly packumentCache full:https://registry.npmjs.org/@unrs%2fresolver-binding-linux-arm-gnueabihf set size:65279 disposed:false
1145 silly fetch manifest @unrs/resolver-binding-darwin-x64@1.12.2
1146 silly packumentCache full:https://registry.npmjs.org/@unrs%2fresolver-binding-darwin-x64 cache-miss
1147 http cache https://registry.npmjs.org/@unrs%2fresolver-binding-openharmony-arm64 5ms (cache hit)
1148 silly packumentCache full:https://registry.npmjs.org/@unrs%2fresolver-binding-openharmony-arm64 set size:7350 disposed:false
1149 silly fetch manifest @unrs/resolver-binding-win32-x64-msvc@1.12.2
1150 silly packumentCache full:https://registry.npmjs.org/@unrs%2fresolver-binding-win32-x64-msvc cache-miss
1151 http cache https://registry.npmjs.org/@unrs%2fresolver-binding-linux-loong64-gnu 4ms (cache hit)
1152 silly packumentCache full:https://registry.npmjs.org/@unrs%2fresolver-binding-linux-loong64-gnu set size:4107 disposed:false
1153 silly fetch manifest @unrs/resolver-binding-freebsd-x64@1.12.2
1154 silly packumentCache full:https://registry.npmjs.org/@unrs%2fresolver-binding-freebsd-x64 cache-miss
1155 http cache https://registry.npmjs.org/@unrs%2fresolver-binding-linux-loong64-musl 3ms (cache hit)
1156 silly packumentCache full:https://registry.npmjs.org/@unrs%2fresolver-binding-linux-loong64-musl set size:4124 disposed:false
1157 silly fetch manifest @unrs/resolver-binding-linux-x64-gnu@1.12.2
1158 silly packumentCache full:https://registry.npmjs.org/@unrs%2fresolver-binding-linux-x64-gnu cache-miss
1159 http cache https://registry.npmjs.org/@unrs%2fresolver-binding-linux-riscv64-gnu 4ms (cache hit)
1160 silly packumentCache full:https://registry.npmjs.org/@unrs%2fresolver-binding-linux-riscv64-gnu set size:56387 disposed:false
1161 silly fetch manifest @unrs/resolver-binding-linux-x64-musl@1.12.2
1162 silly packumentCache full:https://registry.npmjs.org/@unrs%2fresolver-binding-linux-x64-musl cache-miss
1163 http cache https://registry.npmjs.org/@unrs%2fresolver-binding-linux-ppc64-gnu 4ms (cache hit)
1164 silly packumentCache full:https://registry.npmjs.org/@unrs%2fresolver-binding-linux-ppc64-gnu set size:65057 disposed:false
1165 http cache https://registry.npmjs.org/@unrs%2fresolver-binding-linux-riscv64-musl 3ms (cache hit)
1166 silly packumentCache full:https://registry.npmjs.org/@unrs%2fresolver-binding-linux-riscv64-musl set size:45710 disposed:false
1167 http cache https://registry.npmjs.org/@unrs%2fresolver-binding-wasm32-wasi 4ms (cache hit)
1168 silly packumentCache full:https://registry.npmjs.org/@unrs%2fresolver-binding-wasm32-wasi set size:67358 disposed:false
1169 http cache https://registry.npmjs.org/@unrs%2fresolver-binding-linux-s390x-gnu 4ms (cache hit)
1170 silly packumentCache full:https://registry.npmjs.org/@unrs%2fresolver-binding-linux-s390x-gnu set size:65047 disposed:false
1171 http cache https://registry.npmjs.org/@unrs%2fresolver-binding-win32-x64-msvc 3ms (cache hit)
1172 silly packumentCache full:https://registry.npmjs.org/@unrs%2fresolver-binding-win32-x64-msvc set size:64034 disposed:false
1173 http cache https://registry.npmjs.org/@unrs%2fresolver-binding-darwin-x64 4ms (cache hit)
1174 silly packumentCache full:https://registry.npmjs.org/@unrs%2fresolver-binding-darwin-x64 set size:63092 disposed:false
1175 http cache https://registry.npmjs.org/@unrs%2fresolver-binding-freebsd-x64 4ms (cache hit)
1176 silly packumentCache full:https://registry.npmjs.org/@unrs%2fresolver-binding-freebsd-x64 set size:63388 disposed:false
1177 http cache https://registry.npmjs.org/@unrs%2fresolver-binding-linux-x64-gnu 4ms (cache hit)
1178 silly packumentCache full:https://registry.npmjs.org/@unrs%2fresolver-binding-linux-x64-gnu set size:64469 disposed:false
1179 http cache https://registry.npmjs.org/@unrs%2fresolver-binding-linux-x64-musl 3ms (cache hit)
1180 silly packumentCache full:https://registry.npmjs.org/@unrs%2fresolver-binding-linux-x64-musl set size:64685 disposed:false
1181 silly placeDep ROOT @rtsao/scc@1.1.0 OK for: eslint-plugin-import@2.32.0 want: ^1.1.0
1182 silly placeDep ROOT array-includes@3.1.9 OK for: eslint-plugin-import@2.32.0 want: ^3.1.9
1183 silly placeDep ROOT array.prototype.findlastindex@1.2.6 OK for: eslint-plugin-import@2.32.0 want: ^1.2.6
1184 silly placeDep ROOT array.prototype.flat@1.3.3 OK for: eslint-plugin-import@2.32.0 want: ^1.3.3
1185 silly placeDep ROOT array.prototype.flatmap@1.3.3 OK for: eslint-plugin-import@2.32.0 want: ^1.3.3
1186 silly placeDep node_modules/eslint-plugin-import debug@3.2.7 OK for: eslint-plugin-import@2.32.0 want: ^3.2.7
1187 silly placeDep ROOT doctrine@2.1.0 OK for: eslint-plugin-import@2.32.0 want: ^2.1.0
1188 silly placeDep ROOT eslint-module-utils@2.13.0 OK for: eslint-plugin-import@2.32.0 want: ^2.12.1
1189 silly placeDep ROOT hasown@2.0.4 OK for: eslint-plugin-import@2.32.0 want: ^2.0.2
1190 silly placeDep ROOT object.fromentries@2.0.8 OK for: eslint-plugin-import@2.32.0 want: ^2.0.8
1191 silly placeDep ROOT object.groupby@1.0.3 OK for: eslint-plugin-import@2.32.0 want: ^1.0.3
1192 silly placeDep ROOT object.values@1.2.1 OK for: eslint-plugin-import@2.32.0 want: ^1.2.1
1193 silly placeDep ROOT semver@6.3.1 OK for: eslint-plugin-import@2.32.0 want: ^6.3.1
1194 silly placeDep ROOT string.prototype.trimend@1.0.9 OK for: eslint-plugin-import@2.32.0 want: ^1.0.9
1195 silly placeDep ROOT tsconfig-paths@3.15.0 OK for: eslint-plugin-import@2.32.0 want: ^3.15.0
1196 silly fetch manifest call-bind@^1.0.8
1197 silly packumentCache full:https://registry.npmjs.org/call-bind cache-miss
1198 silly fetch manifest call-bound@^1.0.4
1199 silly packumentCache full:https://registry.npmjs.org/call-bound cache-miss
1200 silly fetch manifest define-properties@^1.2.1
1201 silly packumentCache full:https://registry.npmjs.org/define-properties cache-miss
1202 silly fetch manifest es-abstract@^1.24.0
1203 silly packumentCache full:https://registry.npmjs.org/es-abstract cache-miss
1204 silly fetch manifest es-object-atoms@^1.1.1
1205 silly packumentCache full:https://registry.npmjs.org/es-object-atoms cache-miss
1206 silly fetch manifest get-intrinsic@^1.3.0
1207 silly packumentCache full:https://registry.npmjs.org/get-intrinsic cache-miss
1208 silly fetch manifest is-string@^1.1.1
1209 silly packumentCache full:https://registry.npmjs.org/is-string cache-miss
1210 silly fetch manifest math-intrinsics@^1.1.0
1211 silly packumentCache full:https://registry.npmjs.org/math-intrinsics cache-miss
1212 silly fetch manifest call-bind@^1.0.8
1213 silly packumentCache full:https://registry.npmjs.org/call-bind cache-miss
1214 http cache https://registry.npmjs.org/es-abstract 3ms (cache hit)
1215 silly packumentCache full:https://registry.npmjs.org/es-abstract set size:384124 disposed:false
1216 silly fetch manifest call-bound@^1.0.4
1217 silly packumentCache full:https://registry.npmjs.org/call-bound cache-miss
1218 http cache https://registry.npmjs.org/call-bound 4ms (cache hit)
1219 silly packumentCache full:https://registry.npmjs.org/call-bound set size:15317 disposed:false
1220 silly fetch manifest define-properties@^1.2.1
1221 silly packumentCache full:https://registry.npmjs.org/define-properties cache-miss
1222 http cache https://registry.npmjs.org/call-bind 4ms (cache hit)
1223 silly packumentCache full:https://registry.npmjs.org/call-bind set size:32985 disposed:false
1224 silly fetch manifest es-abstract@^1.23.9
1225 silly packumentCache full:https://registry.npmjs.org/es-abstract cache-hit
1226 silly fetch manifest es-object-atoms@^1.1.1
1227 silly packumentCache full:https://registry.npmjs.org/es-object-atoms cache-miss
1228 http cache https://registry.npmjs.org/define-properties 5ms (cache hit)
1229 silly packumentCache full:https://registry.npmjs.org/define-properties set size:31491 disposed:false
1230 silly fetch manifest es-shim-unscopables@^1.1.0
1231 silly packumentCache full:https://registry.npmjs.org/es-shim-unscopables cache-miss
1232 http cache https://registry.npmjs.org/get-intrinsic 5ms (cache hit)
1233 silly packumentCache full:https://registry.npmjs.org/get-intrinsic set size:60985 disposed:false
1234 silly fetch manifest es-abstract@^1.23.5
1235 silly packumentCache full:https://registry.npmjs.org/es-abstract cache-hit
1236 silly fetch manifest es-shim-unscopables@^1.0.2
1237 silly packumentCache full:https://registry.npmjs.org/es-shim-unscopables cache-miss
1238 http cache https://registry.npmjs.org/is-string 6ms (cache hit)
1239 silly packumentCache full:https://registry.npmjs.org/is-string set size:29636 disposed:false
1240 silly fetch manifest es-shim-unscopables@^1.0.2
1241 silly packumentCache full:https://registry.npmjs.org/es-shim-unscopables cache-miss
1242 http cache https://registry.npmjs.org/es-object-atoms 6ms (cache hit)
1243 silly packumentCache full:https://registry.npmjs.org/es-object-atoms set size:18278 disposed:false
1244 silly fetch manifest function-bind@^1.1.2
1245 silly packumentCache full:https://registry.npmjs.org/function-bind cache-miss
1246 http cache https://registry.npmjs.org/call-bind 6ms (cache hit)
1247 silly packumentCache full:https://registry.npmjs.org/call-bind set size:32985 disposed:false
1248 silly packumentCache full:https://registry.npmjs.org/call-bind dispose
1249 silly fetch manifest call-bind@^1.0.7
1250 silly packumentCache full:https://registry.npmjs.org/call-bind cache-hit
1251 silly fetch manifest es-abstract@^1.23.2
1252 silly packumentCache full:https://registry.npmjs.org/es-abstract cache-hit
1253 silly fetch manifest es-object-atoms@^1.0.0
1254 silly packumentCache full:https://registry.npmjs.org/es-object-atoms cache-hit
1255 silly fetch manifest call-bound@^1.0.3
1256 silly packumentCache full:https://registry.npmjs.org/call-bound cache-hit
1257 silly fetch manifest call-bound@^1.0.2
1258 silly packumentCache full:https://registry.npmjs.org/call-bound cache-hit
1259 silly fetch manifest json5@^1.0.2
1260 silly packumentCache full:https://registry.npmjs.org/json5 cache-miss
1261 http cache https://registry.npmjs.org/math-intrinsics 7ms (cache hit)
1262 silly packumentCache full:https://registry.npmjs.org/math-intrinsics set size:9265 disposed:false
1263 silly fetch manifest minimist@^1.2.6
1264 silly packumentCache full:https://registry.npmjs.org/minimist cache-miss
1265 http cache https://registry.npmjs.org/define-properties 4ms (cache hit)
1266 silly packumentCache full:https://registry.npmjs.org/define-properties set size:31491 disposed:false
1267 silly packumentCache full:https://registry.npmjs.org/define-properties dispose
1268 silly fetch manifest strip-bom@^3.0.0
1269 silly packumentCache full:https://registry.npmjs.org/strip-bom cache-miss
1270 http cache https://registry.npmjs.org/es-object-atoms 4ms (cache hit)
1271 silly packumentCache full:https://registry.npmjs.org/es-object-atoms set size:18278 disposed:false
1272 silly packumentCache full:https://registry.npmjs.org/es-object-atoms dispose
1273 silly fetch manifest @types/json5@^0.0.29
1274 silly packumentCache full:https://registry.npmjs.org/@types%2fjson5 cache-miss
1275 http cache https://registry.npmjs.org/call-bound 5ms (cache hit)
1276 silly packumentCache full:https://registry.npmjs.org/call-bound set size:15317 disposed:false
1277 silly packumentCache full:https://registry.npmjs.org/call-bound dispose
1278 http cache https://registry.npmjs.org/es-shim-unscopables 4ms (cache hit)
1279 silly packumentCache full:https://registry.npmjs.org/es-shim-unscopables set size:13965 disposed:false
1280 http cache https://registry.npmjs.org/es-shim-unscopables 4ms (cache hit)
1281 silly packumentCache full:https://registry.npmjs.org/es-shim-unscopables set size:13965 disposed:false
1282 silly packumentCache full:https://registry.npmjs.org/es-shim-unscopables dispose
1283 http cache https://registry.npmjs.org/es-shim-unscopables 3ms (cache hit)
1284 silly packumentCache full:https://registry.npmjs.org/es-shim-unscopables set size:13965 disposed:true
1285 silly packumentCache full:https://registry.npmjs.org/es-shim-unscopables dispose
1286 http cache https://registry.npmjs.org/function-bind 3ms (cache hit)
1287 silly packumentCache full:https://registry.npmjs.org/function-bind set size:15733 disposed:false
1288 http cache https://registry.npmjs.org/json5 3ms (cache hit)
1289 silly packumentCache full:https://registry.npmjs.org/json5 set size:86136 disposed:false
1290 http cache https://registry.npmjs.org/minimist 3ms (cache hit)
1291 silly packumentCache full:https://registry.npmjs.org/minimist set size:77063 disposed:false
1292 http cache https://registry.npmjs.org/strip-bom 3ms (cache hit)
1293 silly packumentCache full:https://registry.npmjs.org/strip-bom set size:19359 disposed:false
1294 http cache https://registry.npmjs.org/@types%2fjson5 2ms (cache hit)
1295 silly packumentCache full:https://registry.npmjs.org/@types%2fjson5 set size:19581 disposed:false
1296 silly placeDep ROOT call-bind@1.0.9 OK for: array-includes@3.1.9 want: ^1.0.8
1297 silly placeDep ROOT call-bound@1.0.4 OK for: array-includes@3.1.9 want: ^1.0.4
1298 silly placeDep ROOT define-properties@1.2.1 OK for: array-includes@3.1.9 want: ^1.2.1
1299 silly placeDep ROOT es-abstract@1.24.2 OK for: array-includes@3.1.9 want: ^1.24.0
1300 silly placeDep ROOT es-object-atoms@1.1.2 OK for: array-includes@3.1.9 want: ^1.1.1
1301 silly placeDep ROOT get-intrinsic@1.3.0 OK for: array-includes@3.1.9 want: ^1.3.0
1302 silly placeDep ROOT is-string@1.1.1 OK for: array-includes@3.1.9 want: ^1.1.1
1303 silly placeDep ROOT math-intrinsics@1.1.0 OK for: array-includes@3.1.9 want: ^1.1.0
1304 silly fetch manifest call-bind-apply-helpers@^1.0.2
1305 silly packumentCache full:https://registry.npmjs.org/call-bind-apply-helpers cache-miss
1306 silly fetch manifest es-define-property@^1.0.1
1307 silly packumentCache full:https://registry.npmjs.org/es-define-property cache-miss
1308 silly fetch manifest set-function-length@^1.2.2
1309 silly packumentCache full:https://registry.npmjs.org/set-function-length cache-miss
1310 silly fetch manifest call-bind-apply-helpers@^1.0.2
1311 silly packumentCache full:https://registry.npmjs.org/call-bind-apply-helpers cache-miss
1312 silly fetch manifest define-data-property@^1.0.1
1313 silly packumentCache full:https://registry.npmjs.org/define-data-property cache-miss
1314 silly fetch manifest has-property-descriptors@^1.0.0
1315 silly packumentCache full:https://registry.npmjs.org/has-property-descriptors cache-miss
1316 silly fetch manifest array-buffer-byte-length@^1.0.2
1317 silly packumentCache full:https://registry.npmjs.org/array-buffer-byte-length cache-miss
1318 silly fetch manifest arraybuffer.prototype.slice@^1.0.4
1319 silly packumentCache full:https://registry.npmjs.org/arraybuffer.prototype.slice cache-miss
1320 silly fetch manifest available-typed-arrays@^1.0.7
1321 silly packumentCache full:https://registry.npmjs.org/available-typed-arrays cache-miss
1322 http cache https://registry.npmjs.org/has-property-descriptors 2ms (cache hit)
1323 silly packumentCache full:https://registry.npmjs.org/has-property-descriptors set size:12452 disposed:false
1324 silly fetch manifest data-view-buffer@^1.0.2
1325 silly packumentCache full:https://registry.npmjs.org/data-view-buffer cache-miss
1326 http cache https://registry.npmjs.org/call-bind-apply-helpers 2ms (cache hit)
1327 silly packumentCache full:https://registry.npmjs.org/call-bind-apply-helpers set size:12744 disposed:false
1328 silly fetch manifest data-view-byte-length@^1.0.2
1329 silly packumentCache full:https://registry.npmjs.org/data-view-byte-length cache-miss
1330 http cache https://registry.npmjs.org/set-function-length 2ms (cache hit)
1331 silly packumentCache full:https://registry.npmjs.org/set-function-length set size:24261 disposed:false
1332 silly fetch manifest data-view-byte-offset@^1.0.1
1333 silly packumentCache full:https://registry.npmjs.org/data-view-byte-offset cache-miss
1334 http cache https://registry.npmjs.org/array-buffer-byte-length 3ms (cache hit)
1335 silly packumentCache full:https://registry.npmjs.org/array-buffer-byte-length set size:13099 disposed:false
1336 silly fetch manifest es-define-property@^1.0.1
1337 silly packumentCache full:https://registry.npmjs.org/es-define-property cache-miss
1338 http cache https://registry.npmjs.org/es-define-property 3ms (cache hit)
1339 silly packumentCache full:https://registry.npmjs.org/es-define-property set size:8542 disposed:false
1340 silly fetch manifest es-set-tostringtag@^2.1.0
1341 silly packumentCache full:https://registry.npmjs.org/es-set-tostringtag cache-miss
1342 http cache https://registry.npmjs.org/call-bind-apply-helpers 3ms (cache hit)
1343 silly packumentCache full:https://registry.npmjs.org/call-bind-apply-helpers set size:12744 disposed:false
1344 silly packumentCache full:https://registry.npmjs.org/call-bind-apply-helpers dispose
1345 silly fetch manifest es-to-primitive@^1.3.0
1346 silly packumentCache full:https://registry.npmjs.org/es-to-primitive cache-miss
1347 http cache https://registry.npmjs.org/define-data-property 3ms (cache hit)
1348 silly packumentCache full:https://registry.npmjs.org/define-data-property set size:28048 disposed:false
1349 silly fetch manifest function.prototype.name@^1.1.8
1350 silly packumentCache full:https://registry.npmjs.org/function.prototype.name cache-miss
1351 http cache https://registry.npmjs.org/available-typed-arrays 4ms (cache hit)
1352 silly packumentCache full:https://registry.npmjs.org/available-typed-arrays set size:31390 disposed:false
1353 silly fetch manifest get-proto@^1.0.1
1354 silly packumentCache full:https://registry.npmjs.org/get-proto cache-miss
1355 http cache https://registry.npmjs.org/arraybuffer.prototype.slice 4ms (cache hit)
1356 silly packumentCache full:https://registry.npmjs.org/arraybuffer.prototype.slice set size:20917 disposed:false
1357 silly fetch manifest get-symbol-description@^1.1.0
1358 silly packumentCache full:https://registry.npmjs.org/get-symbol-description cache-miss
1359 http cache https://registry.npmjs.org/es-define-property 2ms (cache hit)
1360 silly packumentCache full:https://registry.npmjs.org/es-define-property set size:8542 disposed:false
1361 silly packumentCache full:https://registry.npmjs.org/es-define-property dispose
1362 silly fetch manifest globalthis@^1.0.4
1363 silly packumentCache full:https://registry.npmjs.org/globalthis cache-miss
1364 http cache https://registry.npmjs.org/data-view-buffer 4ms (cache hit)
1365 silly packumentCache full:https://registry.npmjs.org/data-view-buffer set size:11789 disposed:false
1366 silly fetch manifest gopd@^1.2.0
1367 silly packumentCache full:https://registry.npmjs.org/gopd cache-miss
1368 http cache https://registry.npmjs.org/data-view-byte-offset 3ms (cache hit)
1369 silly packumentCache full:https://registry.npmjs.org/data-view-byte-offset set size:9200 disposed:false
1370 silly fetch manifest has-property-descriptors@^1.0.2
1371 silly packumentCache full:https://registry.npmjs.org/has-property-descriptors cache-hit
1372 silly fetch manifest has-proto@^1.2.0
1373 silly packumentCache full:https://registry.npmjs.org/has-proto cache-miss
1374 http cache https://registry.npmjs.org/function.prototype.name 3ms (cache hit)
1375 silly packumentCache full:https://registry.npmjs.org/function.prototype.name set size:44756 disposed:false
1376 silly fetch manifest has-symbols@^1.1.0
1377 silly packumentCache full:https://registry.npmjs.org/has-symbols cache-miss
1378 http cache https://registry.npmjs.org/data-view-byte-length 4ms (cache hit)
1379 silly packumentCache full:https://registry.npmjs.org/data-view-byte-length set size:12269 disposed:false
1380 silly fetch manifest internal-slot@^1.1.0
1381 silly packumentCache full:https://registry.npmjs.org/internal-slot cache-miss
1382 http cache https://registry.npmjs.org/es-set-tostringtag 4ms (cache hit)
1383 silly packumentCache full:https://registry.npmjs.org/es-set-tostringtag set size:22094 disposed:false
1384 silly fetch manifest is-array-buffer@^3.0.5
1385 silly packumentCache full:https://registry.npmjs.org/is-array-buffer cache-miss
1386 http cache https://registry.npmjs.org/get-proto 3ms (cache hit)
1387 silly packumentCache full:https://registry.npmjs.org/get-proto set size:8300 disposed:false
1388 silly fetch manifest is-callable@^1.2.7
1389 silly packumentCache full:https://registry.npmjs.org/is-callable cache-miss
1390 http cache https://registry.npmjs.org/es-to-primitive 4ms (cache hit)
1391 silly packumentCache full:https://registry.npmjs.org/es-to-primitive set size:22465 disposed:false
1392 silly fetch manifest is-data-view@^1.0.2
1393 silly packumentCache full:https://registry.npmjs.org/is-data-view cache-miss
1394 http cache https://registry.npmjs.org/get-symbol-description 3ms (cache hit)
1395 silly packumentCache full:https://registry.npmjs.org/get-symbol-description set size:15540 disposed:false
1396 silly fetch manifest is-negative-zero@^2.0.3
1397 silly packumentCache full:https://registry.npmjs.org/is-negative-zero cache-miss
1398 http cache https://registry.npmjs.org/globalthis 2ms (cache hit)
1399 silly packumentCache full:https://registry.npmjs.org/globalthis set size:22522 disposed:false
1400 silly fetch manifest is-regex@^1.2.1
1401 silly packumentCache full:https://registry.npmjs.org/is-regex cache-miss
1402 http cache https://registry.npmjs.org/has-proto 3ms (cache hit)
1403 silly packumentCache full:https://registry.npmjs.org/has-proto set size:21527 disposed:false
1404 silly fetch manifest is-set@^2.0.3
1405 silly packumentCache full:https://registry.npmjs.org/is-set cache-miss
1406 http cache https://registry.npmjs.org/gopd 3ms (cache hit)
1407 silly packumentCache full:https://registry.npmjs.org/gopd set size:11458 disposed:false
1408 silly fetch manifest is-shared-array-buffer@^1.0.4
1409 silly packumentCache full:https://registry.npmjs.org/is-shared-array-buffer cache-miss
1410 http cache https://registry.npmjs.org/has-symbols 3ms (cache hit)
1411 silly packumentCache full:https://registry.npmjs.org/has-symbols set size:21550 disposed:false
1412 silly fetch manifest is-typed-array@^1.1.15
1413 silly packumentCache full:https://registry.npmjs.org/is-typed-array cache-miss
1414 http cache https://registry.npmjs.org/internal-slot 3ms (cache hit)
1415 silly packumentCache full:https://registry.npmjs.org/internal-slot set size:30267 disposed:false
1416 silly fetch manifest is-weakref@^1.1.1
1417 silly packumentCache full:https://registry.npmjs.org/is-weakref cache-miss
1418 http cache https://registry.npmjs.org/is-callable 3ms (cache hit)
1419 silly packumentCache full:https://registry.npmjs.org/is-callable set size:66606 disposed:false
1420 silly fetch manifest object-inspect@^1.13.4
1421 silly packumentCache full:https://registry.npmjs.org/object-inspect cache-miss
1422 http cache https://registry.npmjs.org/is-negative-zero 3ms (cache hit)
1423 silly packumentCache full:https://registry.npmjs.org/is-negative-zero set size:22152 disposed:false
1424 silly fetch manifest object.assign@^4.1.7
1425 silly packumentCache full:https://registry.npmjs.org/object.assign cache-miss
1426 http cache https://registry.npmjs.org/is-array-buffer 4ms (cache hit)
1427 silly packumentCache full:https://registry.npmjs.org/is-array-buffer set size:33562 disposed:false
1428 silly fetch manifest own-keys@^1.0.1
1429 silly packumentCache full:https://registry.npmjs.org/own-keys cache-miss
1430 http cache https://registry.npmjs.org/is-data-view 4ms (cache hit)
1431 silly packumentCache full:https://registry.npmjs.org/is-data-view set size:13756 disposed:false
1432 silly fetch manifest regexp.prototype.flags@^1.5.4
1433 silly packumentCache full:https://registry.npmjs.org/regexp.prototype.flags cache-miss
1434 http cache https://registry.npmjs.org/is-set 3ms (cache hit)
1435 silly packumentCache full:https://registry.npmjs.org/is-set set size:16614 disposed:false
1436 silly fetch manifest safe-array-concat@^1.1.3
1437 silly packumentCache full:https://registry.npmjs.org/safe-array-concat cache-miss
1438 http cache https://registry.npmjs.org/is-regex 4ms (cache hit)
1439 silly packumentCache full:https://registry.npmjs.org/is-regex set size:42924 disposed:false
1440 silly fetch manifest safe-push-apply@^1.0.0
1441 silly packumentCache full:https://registry.npmjs.org/safe-push-apply cache-miss
1442 http cache https://registry.npmjs.org/is-typed-array 3ms (cache hit)
1443 silly packumentCache full:https://registry.npmjs.org/is-typed-array set size:79965 disposed:false
1444 silly fetch manifest safe-regex-test@^1.1.0
1445 silly packumentCache full:https://registry.npmjs.org/safe-regex-test cache-hit
1446 silly fetch manifest set-proto@^1.0.0
1447 silly packumentCache full:https://registry.npmjs.org/set-proto cache-miss
1448 http cache https://registry.npmjs.org/is-shared-array-buffer 4ms (cache hit)
1449 silly packumentCache full:https://registry.npmjs.org/is-shared-array-buffer set size:19880 disposed:false
1450 silly fetch manifest stop-iteration-iterator@^1.1.0
1451 silly packumentCache full:https://registry.npmjs.org/stop-iteration-iterator cache-miss
1452 http cache https://registry.npmjs.org/is-weakref 4ms (cache hit)
1453 silly packumentCache full:https://registry.npmjs.org/is-weakref set size:18473 disposed:false
1454 silly fetch manifest string.prototype.trim@^1.2.10
1455 silly packumentCache full:https://registry.npmjs.org/string.prototype.trim cache-miss
1456 http cache https://registry.npmjs.org/object-inspect 4ms (cache hit)
1457 silly packumentCache full:https://registry.npmjs.org/object-inspect set size:101912 disposed:false
1458 silly fetch manifest string.prototype.trimstart@^1.0.8
1459 silly packumentCache full:https://registry.npmjs.org/string.prototype.trimstart cache-miss
1460 http cache https://registry.npmjs.org/object.assign 3ms (cache hit)
1461 silly packumentCache full:https://registry.npmjs.org/object.assign set size:85907 disposed:false
1462 silly fetch manifest typed-array-buffer@^1.0.3
1463 silly packumentCache full:https://registry.npmjs.org/typed-array-buffer cache-miss
1464 http cache https://registry.npmjs.org/own-keys 4ms (cache hit)
1465 silly packumentCache full:https://registry.npmjs.org/own-keys set size:8735 disposed:false
1466 silly fetch manifest typed-array-byte-length@^1.0.3
1467 silly packumentCache full:https://registry.npmjs.org/typed-array-byte-length cache-miss
1468 http cache https://registry.npmjs.org/regexp.prototype.flags 5ms (cache hit)
1469 silly packumentCache full:https://registry.npmjs.org/regexp.prototype.flags set size:60621 disposed:false
1470 silly fetch manifest typed-array-byte-offset@^1.0.4
1471 silly packumentCache full:https://registry.npmjs.org/typed-array-byte-offset cache-miss
1472 http cache https://registry.npmjs.org/safe-array-concat 4ms (cache hit)
1473 silly packumentCache full:https://registry.npmjs.org/safe-array-concat set size:25516 disposed:false
1474 silly fetch manifest typed-array-length@^1.0.7
1475 silly packumentCache full:https://registry.npmjs.org/typed-array-length cache-miss
1476 http cache https://registry.npmjs.org/safe-push-apply 4ms (cache hit)
1477 silly packumentCache full:https://registry.npmjs.org/safe-push-apply set size:5759 disposed:false
1478 silly fetch manifest unbox-primitive@^1.1.0
1479 silly packumentCache full:https://registry.npmjs.org/unbox-primitive cache-miss
1480 http cache https://registry.npmjs.org/set-proto 4ms (cache hit)
1481 silly packumentCache full:https://registry.npmjs.org/set-proto set size:5334 disposed:false
1482 silly fetch manifest which-typed-array@^1.1.19
1483 silly packumentCache full:https://registry.npmjs.org/which-typed-array cache-miss
1484 http cache https://registry.npmjs.org/stop-iteration-iterator 3ms (cache hit)
1485 silly packumentCache full:https://registry.npmjs.org/stop-iteration-iterator set size:9160 disposed:false
1486 silly fetch manifest has-tostringtag@^1.0.2
1487 silly packumentCache full:https://registry.npmjs.org/has-tostringtag cache-miss
1488 http cache https://registry.npmjs.org/typed-array-buffer 3ms (cache hit)
1489 silly packumentCache full:https://registry.npmjs.org/typed-array-buffer set size:14045 disposed:false
1490 http cache https://registry.npmjs.org/string.prototype.trim 4ms (cache hit)
1491 silly packumentCache full:https://registry.npmjs.org/string.prototype.trim set size:54116 disposed:false
1492 http cache https://registry.npmjs.org/string.prototype.trimstart 4ms (cache hit)
1493 silly packumentCache full:https://registry.npmjs.org/string.prototype.trimstart set size:38291 disposed:false
1494 http cache https://registry.npmjs.org/typed-array-byte-length 4ms (cache hit)
1495 silly packumentCache full:https://registry.npmjs.org/typed-array-byte-length set size:18382 disposed:false
1496 http cache https://registry.npmjs.org/typed-array-byte-offset 3ms (cache hit)
1497 silly packumentCache full:https://registry.npmjs.org/typed-array-byte-offset set size:21714 disposed:false
1498 http cache https://registry.npmjs.org/typed-array-length 3ms (cache hit)
1499 silly packumentCache full:https://registry.npmjs.org/typed-array-length set size:35665 disposed:false
1500 http cache https://registry.npmjs.org/which-typed-array 3ms (cache hit)
1501 silly packumentCache full:https://registry.npmjs.org/which-typed-array set size:97565 disposed:false
1502 http cache https://registry.npmjs.org/has-tostringtag 2ms (cache hit)
1503 silly packumentCache full:https://registry.npmjs.org/has-tostringtag set size:13945 disposed:false
1504 http cache https://registry.npmjs.org/unbox-primitive 3ms (cache hit)
1505 silly packumentCache full:https://registry.npmjs.org/unbox-primitive set size:15669 disposed:false
1506 silly placeDep ROOT es-errors@1.3.0 OK for: array.prototype.findlastindex@1.2.6 want: ^1.3.0
1507 silly placeDep ROOT es-shim-unscopables@1.1.0 OK for: array.prototype.findlastindex@1.2.6 want: ^1.1.0
1508 silly placeDep ROOT call-bind-apply-helpers@1.0.2 OK for: call-bind@1.0.9 want: ^1.0.2
1509 silly placeDep ROOT es-define-property@1.0.1 OK for: call-bind@1.0.9 want: ^1.0.1
1510 silly placeDep ROOT set-function-length@1.2.2 OK for: call-bind@1.0.9 want: ^1.2.2
1511 silly fetch manifest define-data-property@^1.1.4
1512 silly packumentCache full:https://registry.npmjs.org/define-data-property cache-hit
1513 silly fetch manifest gopd@^1.0.1
1514 silly packumentCache full:https://registry.npmjs.org/gopd cache-hit
1515 silly placeDep ROOT function-bind@1.1.2 OK for: call-bind-apply-helpers@1.0.2 want: ^1.1.2
1516 silly placeDep ROOT define-data-property@1.1.4 OK for: define-properties@1.2.1 want: ^1.0.1
1517 silly placeDep ROOT has-property-descriptors@1.0.2 OK for: define-properties@1.2.1 want: ^1.0.0
1518 silly placeDep ROOT object-keys@1.1.1 OK for: define-properties@1.2.1 want: ^1.1.1
1519 silly placeDep ROOT gopd@1.2.0 OK for: define-data-property@1.1.4 want: ^1.0.1
1520 silly placeDep ROOT array-buffer-byte-length@1.0.2 OK for: es-abstract@1.24.2 want: ^1.0.2
1521 silly placeDep ROOT arraybuffer.prototype.slice@1.0.4 OK for: es-abstract@1.24.2 want: ^1.0.4
1522 silly placeDep ROOT available-typed-arrays@1.0.7 OK for: es-abstract@1.24.2 want: ^1.0.7
1523 silly placeDep ROOT data-view-buffer@1.0.2 OK for: es-abstract@1.24.2 want: ^1.0.2
1524 silly placeDep ROOT data-view-byte-length@1.0.2 OK for: es-abstract@1.24.2 want: ^1.0.2
1525 silly placeDep ROOT data-view-byte-offset@1.0.1 OK for: es-abstract@1.24.2 want: ^1.0.1
1526 silly placeDep ROOT es-set-tostringtag@2.1.0 OK for: es-abstract@1.24.2 want: ^2.1.0
1527 silly placeDep ROOT es-to-primitive@1.3.0 OK for: es-abstract@1.24.2 want: ^1.3.0
1528 silly placeDep ROOT function.prototype.name@1.1.8 OK for: es-abstract@1.24.2 want: ^1.1.8
1529 silly placeDep ROOT get-proto@1.0.1 OK for: es-abstract@1.24.2 want: ^1.0.1
1530 silly placeDep ROOT get-symbol-description@1.1.0 OK for: es-abstract@1.24.2 want: ^1.1.0
1531 silly placeDep ROOT globalthis@1.0.4 OK for: es-abstract@1.24.2 want: ^1.0.4
1532 silly placeDep ROOT has-proto@1.2.0 OK for: es-abstract@1.24.2 want: ^1.2.0
1533 silly placeDep ROOT has-symbols@1.1.0 OK for: es-abstract@1.24.2 want: ^1.1.0
1534 silly placeDep ROOT internal-slot@1.1.0 OK for: es-abstract@1.24.2 want: ^1.1.0
1535 silly placeDep ROOT is-array-buffer@3.0.5 OK for: es-abstract@1.24.2 want: ^3.0.5
1536 silly placeDep ROOT is-callable@1.2.7 OK for: es-abstract@1.24.2 want: ^1.2.7
1537 silly placeDep ROOT is-data-view@1.0.2 OK for: es-abstract@1.24.2 want: ^1.0.2
1538 silly placeDep ROOT is-negative-zero@2.0.3 OK for: es-abstract@1.24.2 want: ^2.0.3
1539 silly placeDep ROOT is-regex@1.2.1 OK for: es-abstract@1.24.2 want: ^1.2.1
1540 silly placeDep ROOT is-set@2.0.3 OK for: es-abstract@1.24.2 want: ^2.0.3
1541 silly placeDep ROOT is-shared-array-buffer@1.0.4 OK for: es-abstract@1.24.2 want: ^1.0.4
1542 silly placeDep ROOT is-typed-array@1.1.15 OK for: es-abstract@1.24.2 want: ^1.1.15
1543 silly placeDep ROOT is-weakref@1.1.1 OK for: es-abstract@1.24.2 want: ^1.1.1
1544 silly placeDep ROOT object-inspect@1.13.4 OK for: es-abstract@1.24.2 want: ^1.13.4
1545 silly placeDep ROOT object.assign@4.1.7 OK for: es-abstract@1.24.2 want: ^4.1.7
1546 silly placeDep ROOT own-keys@1.0.1 OK for: es-abstract@1.24.2 want: ^1.0.1
1547 silly placeDep ROOT regexp.prototype.flags@1.5.4 OK for: es-abstract@1.24.2 want: ^1.5.4
1548 silly placeDep ROOT safe-array-concat@1.1.4 OK for: es-abstract@1.24.2 want: ^1.1.3
1549 silly placeDep ROOT safe-push-apply@1.0.0 OK for: es-abstract@1.24.2 want: ^1.0.0
1550 silly placeDep ROOT safe-regex-test@1.1.0 OK for: es-abstract@1.24.2 want: ^1.1.0
1551 silly placeDep ROOT set-proto@1.0.0 OK for: es-abstract@1.24.2 want: ^1.0.0
1552 silly placeDep ROOT stop-iteration-iterator@1.1.0 OK for: es-abstract@1.24.2 want: ^1.1.0
1553 silly placeDep ROOT string.prototype.trim@1.2.10 OK for: es-abstract@1.24.2 want: ^1.2.10
1554 silly placeDep ROOT string.prototype.trimstart@1.0.8 OK for: es-abstract@1.24.2 want: ^1.0.8
1555 silly placeDep ROOT typed-array-buffer@1.0.3 OK for: es-abstract@1.24.2 want: ^1.0.3
1556 silly placeDep ROOT typed-array-byte-length@1.0.3 OK for: es-abstract@1.24.2 want: ^1.0.3
1557 silly placeDep ROOT typed-array-byte-offset@1.0.4 OK for: es-abstract@1.24.2 want: ^1.0.4
1558 silly placeDep ROOT typed-array-length@1.0.8 OK for: es-abstract@1.24.2 want: ^1.0.7
1559 silly placeDep ROOT unbox-primitive@1.1.0 OK for: es-abstract@1.24.2 want: ^1.1.0
1560 silly placeDep ROOT which-typed-array@1.1.21 OK for: es-abstract@1.24.2 want: ^1.1.19
1561 silly fetch manifest is-array-buffer@^3.0.4
1562 silly packumentCache full:https://registry.npmjs.org/is-array-buffer cache-hit
1563 silly fetch manifest possible-typed-array-names@^1.0.0
1564 silly packumentCache full:https://registry.npmjs.org/possible-typed-array-names cache-miss
1565 silly fetch manifest is-data-view@^1.0.1
1566 silly packumentCache full:https://registry.npmjs.org/is-data-view cache-hit
1567 silly fetch manifest is-date-object@^1.0.5
1568 silly packumentCache full:https://registry.npmjs.org/is-date-object cache-miss
1569 silly fetch manifest is-symbol@^1.0.4
1570 silly packumentCache full:https://registry.npmjs.org/is-symbol cache-miss
1571 silly fetch manifest functions-have-names@^1.2.3
1572 silly packumentCache full:https://registry.npmjs.org/functions-have-names cache-miss
1573 silly fetch manifest dunder-proto@^1.0.1
1574 silly packumentCache full:https://registry.npmjs.org/dunder-proto cache-miss
1575 silly fetch manifest dunder-proto@^1.0.0
1576 silly packumentCache full:https://registry.npmjs.org/dunder-proto cache-miss
1577 silly fetch manifest side-channel@^1.1.0
1578 silly packumentCache full:https://registry.npmjs.org/side-channel cache-miss
1579 silly fetch manifest is-typed-array@^1.1.13
1580 silly packumentCache full:https://registry.npmjs.org/is-typed-array cache-hit
1581 silly fetch manifest which-typed-array@^1.1.16
1582 silly packumentCache full:https://registry.npmjs.org/which-typed-array cache-hit
1583 silly fetch manifest set-function-name@^2.0.2
1584 silly packumentCache full:https://registry.npmjs.org/set-function-name cache-miss
1585 silly fetch manifest isarray@^2.0.5
1586 silly packumentCache full:https://registry.npmjs.org/isarray cache-miss
1587 http cache https://registry.npmjs.org/possible-typed-array-names 4ms (cache hit)
1588 silly packumentCache full:https://registry.npmjs.org/possible-typed-array-names set size:9167 disposed:false
1589 silly fetch manifest isarray@^2.0.5
1590 silly packumentCache full:https://registry.npmjs.org/isarray cache-miss
1591 http cache https://registry.npmjs.org/dunder-proto 5ms (cache hit)
1592 silly packumentCache full:https://registry.npmjs.org/dunder-proto set size:8256 disposed:false
1593 silly fetch manifest for-each@^0.3.3
1594 silly packumentCache full:https://registry.npmjs.org/for-each cache-miss
1595 http cache https://registry.npmjs.org/functions-have-names 5ms (cache hit)
1596 silly packumentCache full:https://registry.npmjs.org/functions-have-names set size:24196 disposed:false
1597 silly fetch manifest for-each@^0.3.3
1598 silly packumentCache full:https://registry.npmjs.org/for-each cache-miss
1599 http cache https://registry.npmjs.org/is-date-object 5ms (cache hit)
1600 silly packumentCache full:https://registry.npmjs.org/is-date-object set size:25050 disposed:false
1601 silly fetch manifest reflect.getprototypeof@^1.0.9
1602 silly packumentCache full:https://registry.npmjs.org/reflect.getprototypeof cache-miss
1603 http cache https://registry.npmjs.org/is-symbol 6ms (cache hit)
1604 silly packumentCache full:https://registry.npmjs.org/is-symbol set size:22675 disposed:false
1605 silly fetch manifest for-each@^0.3.5
1606 silly packumentCache full:https://registry.npmjs.org/for-each cache-miss
1607 http cache https://registry.npmjs.org/dunder-proto 6ms (cache hit)
1608 silly packumentCache full:https://registry.npmjs.org/dunder-proto set size:8256 disposed:false
1609 silly packumentCache full:https://registry.npmjs.org/dunder-proto dispose
1610 silly fetch manifest possible-typed-array-names@^1.1.0
1611 silly packumentCache full:https://registry.npmjs.org/possible-typed-array-names cache-hit
1612 silly fetch manifest reflect.getprototypeof@^1.0.10
1613 silly packumentCache full:https://registry.npmjs.org/reflect.getprototypeof cache-miss
1614 http cache https://registry.npmjs.org/side-channel 5ms (cache hit)
1615 silly packumentCache full:https://registry.npmjs.org/side-channel set size:24660 disposed:false
1616 silly fetch manifest has-bigints@^1.0.2
1617 silly packumentCache full:https://registry.npmjs.org/has-bigints cache-miss
1618 http cache https://registry.npmjs.org/isarray 6ms (cache hit)
1619 silly packumentCache full:https://registry.npmjs.org/isarray set size:17392 disposed:false
1620 silly fetch manifest which-boxed-primitive@^1.1.1
1621 silly packumentCache full:https://registry.npmjs.org/which-boxed-primitive cache-miss
1622 http cache https://registry.npmjs.org/set-function-name 6ms (cache hit)
1623 silly packumentCache full:https://registry.npmjs.org/set-function-name set size:13766 disposed:false
1624 silly fetch manifest for-each@^0.3.5
1625 silly packumentCache full:https://registry.npmjs.org/for-each cache-miss
1626 http cache https://registry.npmjs.org/isarray 3ms (cache hit)
1627 silly packumentCache full:https://registry.npmjs.org/isarray set size:17392 disposed:false
1628 silly packumentCache full:https://registry.npmjs.org/isarray dispose
1629 http cache https://registry.npmjs.org/for-each 4ms (cache hit)
1630 silly packumentCache full:https://registry.npmjs.org/for-each set size:14327 disposed:false
1631 http cache https://registry.npmjs.org/reflect.getprototypeof 3ms (cache hit)
1632 silly packumentCache full:https://registry.npmjs.org/reflect.getprototypeof set size:44083 disposed:false
1633 http cache https://registry.npmjs.org/for-each 4ms (cache hit)
1634 silly packumentCache full:https://registry.npmjs.org/for-each set size:14327 disposed:false
1635 silly packumentCache full:https://registry.npmjs.org/for-each dispose
1636 http cache https://registry.npmjs.org/has-bigints 2ms (cache hit)
1637 silly packumentCache full:https://registry.npmjs.org/has-bigints set size:14176 disposed:false
1638 http cache https://registry.npmjs.org/reflect.getprototypeof 3ms (cache hit)
1639 silly packumentCache full:https://registry.npmjs.org/reflect.getprototypeof set size:44083 disposed:false
1640 silly packumentCache full:https://registry.npmjs.org/reflect.getprototypeof dispose
1641 http cache https://registry.npmjs.org/for-each 4ms (cache hit)
1642 silly packumentCache full:https://registry.npmjs.org/for-each set size:14327 disposed:true
1643 silly packumentCache full:https://registry.npmjs.org/for-each dispose
1644 http cache https://registry.npmjs.org/which-boxed-primitive 3ms (cache hit)
1645 silly packumentCache full:https://registry.npmjs.org/which-boxed-primitive set size:19407 disposed:false
1646 http cache https://registry.npmjs.org/for-each 3ms (cache hit)
1647 silly packumentCache full:https://registry.npmjs.org/for-each set size:14327 disposed:true
1648 silly packumentCache full:https://registry.npmjs.org/for-each dispose
1649 silly placeDep ROOT possible-typed-array-names@1.1.0 OK for: available-typed-arrays@1.0.7 want: ^1.0.0
1650 silly placeDep ROOT has-tostringtag@1.0.2 OK for: es-set-tostringtag@2.1.0 want: ^1.0.2
1651 silly placeDep ROOT is-date-object@1.1.0 OK for: es-to-primitive@1.3.0 want: ^1.0.5
1652 silly placeDep ROOT is-symbol@1.1.1 OK for: es-to-primitive@1.3.0 want: ^1.0.4
1653 silly placeDep node_modules/eslint-module-utils debug@3.2.7 OK for: eslint-module-utils@2.13.0 want: ^3.2.7
1654 silly placeDep ROOT aria-query@5.3.2 OK for: eslint-plugin-jsx-a11y@6.10.2 want: ^5.3.2
1655 silly placeDep ROOT ast-types-flow@0.0.8 OK for: eslint-plugin-jsx-a11y@6.10.2 want: ^0.0.8
1656 silly placeDep ROOT axe-core@4.12.0 OK for: eslint-plugin-jsx-a11y@6.10.2 want: ^4.10.0
1657 silly placeDep ROOT axobject-query@4.1.0 OK for: eslint-plugin-jsx-a11y@6.10.2 want: ^4.1.0
1658 silly placeDep ROOT damerau-levenshtein@1.0.8 OK for: eslint-plugin-jsx-a11y@6.10.2 want: ^1.0.8
1659 silly placeDep ROOT emoji-regex@9.2.2 OK for: eslint-plugin-jsx-a11y@6.10.2 want: ^9.2.2
1660 silly placeDep ROOT jsx-ast-utils@3.3.5 OK for: eslint-plugin-jsx-a11y@6.10.2 want: ^3.3.5
1661 silly placeDep ROOT language-tags@1.0.9 OK for: eslint-plugin-jsx-a11y@6.10.2 want: ^1.0.9
1662 silly placeDep ROOT string.prototype.includes@2.0.1 OK for: eslint-plugin-jsx-a11y@6.10.2 want: ^2.0.1
1663 silly fetch manifest language-subtag-registry@^0.3.20
1664 silly packumentCache full:https://registry.npmjs.org/language-subtag-registry cache-miss
1665 http cache https://registry.npmjs.org/language-subtag-registry 0ms (cache hit)
1666 silly packumentCache full:https://registry.npmjs.org/language-subtag-registry set size:46437 disposed:false
1667 silly placeDep ROOT array.prototype.findlast@1.2.5 OK for: eslint-plugin-react@7.37.5 want: ^1.2.5
1668 silly placeDep ROOT array.prototype.tosorted@1.1.4 OK for: eslint-plugin-react@7.37.5 want: ^1.1.4
1669 silly placeDep ROOT es-iterator-helpers@1.3.2 OK for: eslint-plugin-react@7.37.5 want: ^1.2.1
1670 silly placeDep ROOT estraverse@5.3.0 OK for: eslint-plugin-react@7.37.5 want: ^5.3.0
1671 silly placeDep ROOT object.entries@1.1.9 OK for: eslint-plugin-react@7.37.5 want: ^1.1.9
1672 silly placeDep ROOT prop-types@15.8.1 OK for: eslint-plugin-react@7.37.5 want: ^15.8.1
1673 silly placeDep ROOT string.prototype.matchall@4.0.12 OK for: eslint-plugin-react@7.37.5 want: ^4.0.12
1674 silly placeDep ROOT string.prototype.repeat@1.0.0 OK for: eslint-plugin-react@7.37.5 want: ^1.0.0
1675 silly fetch manifest iterator.prototype@^1.1.5
1676 silly packumentCache full:https://registry.npmjs.org/iterator.prototype cache-miss
1677 silly fetch manifest loose-envify@^1.4.0
1678 silly packumentCache full:https://registry.npmjs.org/loose-envify cache-miss
1679 silly fetch manifest object-assign@^4.1.1
1680 silly packumentCache full:https://registry.npmjs.org/object-assign cache-miss
1681 silly fetch manifest react-is@^16.13.1
1682 silly packumentCache full:https://registry.npmjs.org/react-is cache-miss
1683 http cache https://registry.npmjs.org/object-assign 1ms (cache hit)
1684 silly packumentCache full:https://registry.npmjs.org/object-assign set size:28988 disposed:false
1685 http cache https://registry.npmjs.org/iterator.prototype 2ms (cache hit)
1686 silly packumentCache full:https://registry.npmjs.org/iterator.prototype set size:26870 disposed:false
1687 http cache https://registry.npmjs.org/loose-envify 2ms (cache hit)
1688 silly packumentCache full:https://registry.npmjs.org/loose-envify set size:12559 disposed:false
1689 http cache https://registry.npmjs.org/react-is 6ms (cache hit)
1690 silly packumentCache full:https://registry.npmjs.org/react-is set size:5404124 disposed:false
1691 silly placeDep ROOT iterator.prototype@1.1.5 OK for: es-iterator-helpers@1.3.2 want: ^1.1.5
1692 silly placeDep ROOT @babel/core@7.29.7 OK for: eslint-plugin-react-hooks@7.1.1 want: ^7.24.4
1693 silly placeDep ROOT @babel/parser@7.29.7 OK for: eslint-plugin-react-hooks@7.1.1 want: ^7.24.4
1694 silly placeDep ROOT hermes-parser@0.25.1 OK for: eslint-plugin-react-hooks@7.1.1 want: ^0.25.1
1695 silly placeDep ROOT zod@4.4.3 OK for: eslint-plugin-react-hooks@7.1.1 want: ^3.25.0 || ^4.0.0
1696 silly placeDep ROOT zod-validation-error@4.0.2 OK for: eslint-plugin-react-hooks@7.1.1 want: ^3.5.0 || ^4.0.0
1697 silly fetch manifest @babel/code-frame@^7.29.7
1698 silly packumentCache full:https://registry.npmjs.org/@babel%2fcode-frame cache-miss
1699 silly fetch manifest @babel/generator@^7.29.7
1700 silly packumentCache full:https://registry.npmjs.org/@babel%2fgenerator cache-miss
1701 silly fetch manifest @babel/helper-compilation-targets@^7.29.7
1702 silly packumentCache full:https://registry.npmjs.org/@babel%2fhelper-compilation-targets cache-miss
1703 silly fetch manifest @babel/helper-module-transforms@^7.29.7
1704 silly packumentCache full:https://registry.npmjs.org/@babel%2fhelper-module-transforms cache-miss
1705 silly fetch manifest @babel/helpers@^7.29.7
1706 silly packumentCache full:https://registry.npmjs.org/@babel%2fhelpers cache-miss
1707 silly fetch manifest @babel/parser@^7.29.7
1708 silly packumentCache full:https://registry.npmjs.org/@babel%2fparser cache-hit
1709 silly fetch manifest @babel/template@^7.29.7
1710 silly packumentCache full:https://registry.npmjs.org/@babel%2ftemplate cache-miss
1711 silly fetch manifest @babel/traverse@^7.29.7
1712 silly packumentCache full:https://registry.npmjs.org/@babel%2ftraverse cache-miss
1713 silly fetch manifest @babel/types@^7.29.7
1714 silly packumentCache full:https://registry.npmjs.org/@babel%2ftypes cache-miss
1715 silly fetch manifest convert-source-map@^2.0.0
1716 silly packumentCache full:https://registry.npmjs.org/convert-source-map cache-miss
1717 http cache https://registry.npmjs.org/@babel%2fhelper-compilation-targets 3ms (cache hit)
1718 silly packumentCache full:https://registry.npmjs.org/@babel%2fhelper-compilation-targets set size:227372 disposed:false
1719 silly fetch manifest gensync@^1.0.0-beta.2
1720 silly packumentCache full:https://registry.npmjs.org/gensync cache-miss
1721 http cache https://registry.npmjs.org/@babel%2fgenerator 4ms (cache hit)
1722 silly packumentCache full:https://registry.npmjs.org/@babel%2fgenerator set size:518214 disposed:false
1723 silly fetch manifest json5@^2.2.3
1724 silly packumentCache full:https://registry.npmjs.org/json5 cache-hit
1725 silly fetch manifest @babel/types@^7.29.7
1726 silly packumentCache full:https://registry.npmjs.org/@babel%2ftypes cache-miss
1727 http cache https://registry.npmjs.org/@babel%2fhelpers 5ms (cache hit)
1728 silly packumentCache full:https://registry.npmjs.org/@babel%2fhelpers set size:396351 disposed:false
1729 silly fetch manifest hermes-estree@0.25.1
1730 silly packumentCache full:https://registry.npmjs.org/hermes-estree cache-miss
1731 http cache https://registry.npmjs.org/@babel%2fcode-frame 6ms (cache hit)
1732 silly packumentCache full:https://registry.npmjs.org/@babel%2fcode-frame set size:204481 disposed:false
1733 http cache https://registry.npmjs.org/@babel%2fhelper-module-transforms 6ms (cache hit)
1734 silly packumentCache full:https://registry.npmjs.org/@babel%2fhelper-module-transforms set size:342070 disposed:false
1735 http cache https://registry.npmjs.org/@babel%2ftemplate 7ms (cache hit)
1736 silly packumentCache full:https://registry.npmjs.org/@babel%2ftemplate set size:235045 disposed:false
1737 http cache https://registry.npmjs.org/@babel%2ftraverse 8ms (cache hit)
1738 silly packumentCache full:https://registry.npmjs.org/@babel%2ftraverse set size:557773 disposed:false
1739 http cache https://registry.npmjs.org/convert-source-map 9ms (cache hit)
1740 silly packumentCache full:https://registry.npmjs.org/convert-source-map set size:66997 disposed:false
1741 http cache https://registry.npmjs.org/@babel%2ftypes 9ms (cache hit)
1742 silly packumentCache full:https://registry.npmjs.org/@babel%2ftypes set size:496342 disposed:false
1743 http cache https://registry.npmjs.org/@babel%2ftypes 7ms (cache hit)
1744 silly packumentCache full:https://registry.npmjs.org/@babel%2ftypes set size:496342 disposed:false
1745 silly packumentCache full:https://registry.npmjs.org/@babel%2ftypes dispose
1746 http cache https://registry.npmjs.org/gensync 9ms (cache hit)
1747 silly packumentCache full:https://registry.npmjs.org/gensync set size:15068 disposed:false
1748 http cache https://registry.npmjs.org/hermes-estree 7ms (cache hit)
1749 silly packumentCache full:https://registry.npmjs.org/hermes-estree set size:130205 disposed:false
1750 silly fetch manifest @babel/core@^7.0.0
1751 silly packumentCache full:https://registry.npmjs.org/@babel%2fcore cache-hit
1752 silly placeDep ROOT @babel/code-frame@7.29.7 OK for: @babel/core@7.29.7 want: ^7.29.7
1753 silly placeDep ROOT @babel/generator@7.29.7 OK for: @babel/core@7.29.7 want: ^7.29.7
1754 silly placeDep ROOT @babel/helper-compilation-targets@7.29.7 OK for: @babel/core@7.29.7 want: ^7.29.7
1755 silly placeDep ROOT @babel/helper-module-transforms@7.29.7 OK for: @babel/core@7.29.7 want: ^7.29.7
1756 silly placeDep ROOT @babel/helpers@7.29.7 OK for: @babel/core@7.29.7 want: ^7.29.7
1757 silly placeDep ROOT @babel/template@7.29.7 OK for: @babel/core@7.29.7 want: ^7.29.7
1758 silly placeDep ROOT @babel/traverse@7.29.7 OK for: @babel/core@7.29.7 want: ^7.29.7
1759 silly placeDep ROOT @babel/types@7.29.7 OK for: @babel/core@7.29.7 want: ^7.29.7
1760 silly placeDep ROOT convert-source-map@2.0.0 OK for: @babel/core@7.29.7 want: ^2.0.0
1761 silly placeDep ROOT gensync@1.0.0-beta.2 OK for: @babel/core@7.29.7 want: ^1.0.0-beta.2
1762 silly placeDep ROOT json5@2.2.3 OK for: @babel/core@7.29.7 want: ^2.2.3
1763 silly fetch manifest @babel/helper-validator-identifier@^7.29.7
1764 silly packumentCache full:https://registry.npmjs.org/@babel%2fhelper-validator-identifier cache-miss
1765 silly fetch manifest js-tokens@^4.0.0
1766 silly packumentCache full:https://registry.npmjs.org/js-tokens cache-miss
1767 silly fetch manifest jsesc@^3.0.2
1768 silly packumentCache full:https://registry.npmjs.org/jsesc cache-miss
1769 silly fetch manifest @babel/compat-data@^7.29.7
1770 silly packumentCache full:https://registry.npmjs.org/@babel%2fcompat-data cache-miss
1771 silly fetch manifest @babel/helper-validator-option@^7.29.7
1772 silly packumentCache full:https://registry.npmjs.org/@babel%2fhelper-validator-option cache-miss
1773 silly fetch manifest browserslist@^4.24.0
1774 silly packumentCache full:https://registry.npmjs.org/browserslist cache-miss
1775 silly fetch manifest lru-cache@^5.1.1
1776 silly packumentCache full:https://registry.npmjs.org/lru-cache cache-miss
1777 silly fetch manifest @babel/helper-module-imports@^7.29.7
1778 silly packumentCache full:https://registry.npmjs.org/@babel%2fhelper-module-imports cache-miss
1779 silly fetch manifest @babel/helper-validator-identifier@^7.29.7
1780 silly packumentCache full:https://registry.npmjs.org/@babel%2fhelper-validator-identifier cache-miss
1781 http cache https://registry.npmjs.org/browserslist 2ms (cache hit)
1782 silly packumentCache full:https://registry.npmjs.org/browserslist set size:504681 disposed:false
1783 silly fetch manifest @babel/helper-globals@^7.29.7
1784 silly packumentCache full:https://registry.npmjs.org/@babel%2fhelper-globals cache-miss
1785 http cache https://registry.npmjs.org/@babel%2fhelper-validator-identifier 4ms (cache hit)
1786 silly packumentCache full:https://registry.npmjs.org/@babel%2fhelper-validator-identifier set size:123928 disposed:false
1787 silly fetch manifest @babel/helper-string-parser@^7.29.7
1788 silly packumentCache full:https://registry.npmjs.org/@babel%2fhelper-string-parser cache-miss
1789 http cache https://registry.npmjs.org/jsesc 4ms (cache hit)
1790 silly packumentCache full:https://registry.npmjs.org/jsesc set size:61512 disposed:false
1791 http cache https://registry.npmjs.org/js-tokens 4ms (cache hit)
1792 silly packumentCache full:https://registry.npmjs.org/js-tokens set size:41947 disposed:false
1793 http cache https://registry.npmjs.org/@babel%2fcompat-data 5ms (cache hit)
1794 silly packumentCache full:https://registry.npmjs.org/@babel%2fcompat-data set size:316558 disposed:false
1795 http cache https://registry.npmjs.org/lru-cache 5ms (cache hit)
1796 silly packumentCache full:https://registry.npmjs.org/lru-cache set size:456196 disposed:false
1797 http cache https://registry.npmjs.org/@babel%2fhelper-validator-identifier 7ms (cache hit)
1798 silly packumentCache full:https://registry.npmjs.org/@babel%2fhelper-validator-identifier set size:123928 disposed:false
1799 silly packumentCache full:https://registry.npmjs.org/@babel%2fhelper-validator-identifier dispose
1800 http cache https://registry.npmjs.org/@babel%2fhelper-module-imports 7ms (cache hit)
1801 silly packumentCache full:https://registry.npmjs.org/@babel%2fhelper-module-imports set size:201351 disposed:false
1802 http cache https://registry.npmjs.org/@babel%2fhelper-validator-option 10ms (cache hit)
1803 silly packumentCache full:https://registry.npmjs.org/@babel%2fhelper-validator-option set size:99449 disposed:false
1804 http cache https://registry.npmjs.org/@babel%2fhelper-string-parser 7ms (cache hit)
1805 silly packumentCache full:https://registry.npmjs.org/@babel%2fhelper-string-parser set size:89614 disposed:false
1806 http cache https://registry.npmjs.org/@babel%2fhelper-globals 9ms (cache hit)
1807 silly packumentCache full:https://registry.npmjs.org/@babel%2fhelper-globals set size:23181 disposed:false
1808 silly placeDep ROOT @babel/helper-validator-identifier@7.29.7 OK for: @babel/code-frame@7.29.7 want: ^7.29.7
1809 silly placeDep ROOT js-tokens@4.0.0 OK for: @babel/code-frame@7.29.7 want: ^4.0.0
1810 silly placeDep ROOT picocolors@1.1.1 OK for: @babel/code-frame@7.29.7 want: ^1.1.1
1811 silly placeDep ROOT jsesc@3.1.0 OK for: @babel/generator@7.29.7 want: ^3.0.2
1812 silly placeDep ROOT @babel/compat-data@7.29.7 OK for: @babel/helper-compilation-targets@7.29.7 want: ^7.29.7
1813 silly placeDep ROOT @babel/helper-validator-option@7.29.7 OK for: @babel/helper-compilation-targets@7.29.7 want: ^7.29.7
1814 silly placeDep ROOT browserslist@4.28.2 OK for: @babel/helper-compilation-targets@7.29.7 want: ^4.24.0
1815 silly placeDep ROOT lru-cache@5.1.1 OK for: @babel/helper-compilation-targets@7.29.7 want: ^5.1.1
1816 silly fetch manifest baseline-browser-mapping@^2.10.12
1817 silly packumentCache full:https://registry.npmjs.org/baseline-browser-mapping cache-hit
1818 silly fetch manifest caniuse-lite@^1.0.30001782
1819 silly packumentCache full:https://registry.npmjs.org/caniuse-lite cache-miss
1820 silly fetch manifest electron-to-chromium@^1.5.328
1821 silly packumentCache full:https://registry.npmjs.org/electron-to-chromium cache-miss
1822 silly fetch manifest node-releases@^2.0.36
1823 silly packumentCache full:https://registry.npmjs.org/node-releases cache-miss
1824 silly fetch manifest update-browserslist-db@^1.2.3
1825 silly packumentCache full:https://registry.npmjs.org/update-browserslist-db cache-miss
1826 silly fetch manifest yallist@^3.0.2
1827 silly packumentCache full:https://registry.npmjs.org/yallist cache-miss
1828 http cache https://registry.npmjs.org/caniuse-lite 2ms (cache hit)
1829 silly packumentCache full:https://registry.npmjs.org/caniuse-lite set size:2293068 disposed:false
1830 http cache https://registry.npmjs.org/yallist 6ms (cache hit)
1831 silly packumentCache full:https://registry.npmjs.org/yallist set size:34610 disposed:false
1832 http cache https://registry.npmjs.org/node-releases 6ms (cache hit)
1833 silly packumentCache full:https://registry.npmjs.org/node-releases set size:283168 disposed:false
1834 http cache https://registry.npmjs.org/electron-to-chromium 9ms (cache hit)
1835 silly packumentCache full:https://registry.npmjs.org/electron-to-chromium set size:4813043 disposed:false
1836 http cache https://registry.npmjs.org/update-browserslist-db 17ms (cache hit)
1837 silly packumentCache full:https://registry.npmjs.org/update-browserslist-db set size:62000 disposed:false
1838 silly placeDep ROOT @babel/helper-module-imports@7.29.7 OK for: @babel/helper-module-transforms@7.29.7 want: ^7.29.7
1839 silly placeDep ROOT @babel/helper-globals@7.29.7 OK for: @babel/traverse@7.29.7 want: ^7.29.7
1840 silly placeDep ROOT @babel/helper-string-parser@7.29.7 OK for: @babel/types@7.29.7 want: ^7.29.7
1841 silly fetch manifest browserslist@>= 4.21.0
1842 silly packumentCache full:https://registry.npmjs.org/browserslist cache-hit
1843 silly placeDep ROOT baseline-browser-mapping@2.10.33 OK for: browserslist@4.28.2 want: ^2.10.12
1844 silly placeDep ROOT caniuse-lite@1.0.30001793 OK for: browserslist@4.28.2 want: ^1.0.30001782
1845 silly placeDep ROOT electron-to-chromium@1.5.365 OK for: browserslist@4.28.2 want: ^1.5.328
1846 silly placeDep ROOT node-releases@2.0.47 OK for: browserslist@4.28.2 want: ^2.0.36
1847 silly placeDep ROOT update-browserslist-db@1.2.3 OK for: browserslist@4.28.2 want: ^1.2.3
1848 silly fetch manifest escalade@^3.2.0
1849 silly packumentCache full:https://registry.npmjs.org/escalade cache-miss
1850 http cache https://registry.npmjs.org/escalade 1ms (cache hit)
1851 silly packumentCache full:https://registry.npmjs.org/escalade set size:33724 disposed:false
1852 silly placeDep ROOT esrecurse@4.3.0 OK for: eslint-scope@8.4.0 want: ^4.3.0
1853 silly placeDep ROOT acorn@8.16.0 OK for: espree@10.4.0 want: ^8.15.0
1854 silly placeDep ROOT acorn-jsx@5.3.2 OK for: espree@10.4.0 want: ^5.3.2
1855 silly placeDep ROOT @nodelib/fs.stat@2.0.5 OK for: fast-glob@3.3.1 want: ^2.0.2
1856 silly placeDep ROOT @nodelib/fs.walk@1.2.8 OK for: fast-glob@3.3.1 want: ^1.2.3
1857 silly placeDep node_modules/fast-glob glob-parent@5.1.2 OK for: fast-glob@3.3.1 want: ^5.1.2
1858 silly placeDep ROOT merge2@1.4.1 OK for: fast-glob@3.3.1 want: ^1.3.0
1859 silly placeDep ROOT micromatch@4.0.8 OK for: fast-glob@3.3.1 want: ^4.0.4
1860 silly fetch manifest fastq@^1.6.0
1861 silly packumentCache full:https://registry.npmjs.org/fastq cache-miss
1862 silly fetch manifest @nodelib/fs.scandir@2.1.5
1863 silly packumentCache full:https://registry.npmjs.org/@nodelib%2ffs.scandir cache-miss
1864 silly fetch manifest braces@^3.0.3
1865 silly packumentCache full:https://registry.npmjs.org/braces cache-miss
1866 silly fetch manifest picomatch@^2.3.1
1867 silly packumentCache full:https://registry.npmjs.org/picomatch cache-hit
1868 http cache https://registry.npmjs.org/braces 1ms (cache hit)
1869 silly packumentCache full:https://registry.npmjs.org/braces set size:114529 disposed:false
1870 http cache https://registry.npmjs.org/@nodelib%2ffs.scandir 2ms (cache hit)
1871 silly packumentCache full:https://registry.npmjs.org/@nodelib%2ffs.scandir set size:49256 disposed:false
1872 http cache https://registry.npmjs.org/fastq 2ms (cache hit)
1873 silly packumentCache full:https://registry.npmjs.org/fastq set size:78301 disposed:false
1874 silly placeDep ROOT @nodelib/fs.scandir@2.1.5 OK for: @nodelib/fs.walk@1.2.8 want: 2.1.5
1875 silly placeDep ROOT fastq@1.20.1 OK for: @nodelib/fs.walk@1.2.8 want: ^1.6.0
1876 silly fetch manifest run-parallel@^1.1.9
1877 silly packumentCache full:https://registry.npmjs.org/run-parallel cache-miss
1878 silly fetch manifest reusify@^1.0.4
1879 silly packumentCache full:https://registry.npmjs.org/reusify cache-miss
1880 http cache https://registry.npmjs.org/reusify 0ms (cache hit)
1881 silly packumentCache full:https://registry.npmjs.org/reusify set size:14249 disposed:false
1882 http cache https://registry.npmjs.org/run-parallel 1ms (cache hit)
1883 silly packumentCache full:https://registry.npmjs.org/run-parallel set size:35172 disposed:false
1884 silly placeDep ROOT run-parallel@1.2.0 OK for: @nodelib/fs.scandir@2.1.5 want: ^1.1.9
1885 silly fetch manifest queue-microtask@^1.2.2
1886 silly packumentCache full:https://registry.npmjs.org/queue-microtask cache-miss
1887 http cache https://registry.npmjs.org/queue-microtask 1ms (cache hit)
1888 silly packumentCache full:https://registry.npmjs.org/queue-microtask set size:36088 disposed:false
1889 silly placeDep ROOT reusify@1.1.0 OK for: fastq@1.20.1 want: ^1.0.4
1890 silly placeDep ROOT flat-cache@4.0.1 OK for: file-entry-cache@8.0.0 want: ^4.0.0
1891 silly fetch manifest keyv@^4.5.4
1892 silly packumentCache full:https://registry.npmjs.org/keyv cache-miss
1893 silly fetch manifest flatted@^3.2.9
1894 silly packumentCache full:https://registry.npmjs.org/flatted cache-miss
1895 http cache https://registry.npmjs.org/flatted 0ms (cache hit)
1896 silly packumentCache full:https://registry.npmjs.org/flatted set size:137347 disposed:false
1897 http cache https://registry.npmjs.org/keyv 2ms (cache hit)
1898 silly packumentCache full:https://registry.npmjs.org/keyv set size:215840 disposed:false
1899 silly placeDep ROOT locate-path@6.0.0 OK for: find-up@5.0.0 want: ^6.0.0
1900 silly placeDep ROOT path-exists@4.0.0 OK for: find-up@5.0.0 want: ^4.0.0
1901 silly fetch manifest p-locate@^5.0.0
1902 silly packumentCache full:https://registry.npmjs.org/p-locate cache-miss
1903 http cache https://registry.npmjs.org/p-locate 1ms (cache hit)
1904 silly packumentCache full:https://registry.npmjs.org/p-locate set size:22488 disposed:false
1905 silly placeDep ROOT flatted@3.4.2 OK for: flat-cache@4.0.1 want: ^3.2.9
1906 silly placeDep ROOT keyv@4.5.4 OK for: flat-cache@4.0.1 want: ^4.5.4
1907 silly fetch manifest json-buffer@3.0.1
1908 silly packumentCache full:https://registry.npmjs.org/json-buffer cache-miss
1909 http cache https://registry.npmjs.org/json-buffer 1ms (cache hit)
1910 silly packumentCache full:https://registry.npmjs.org/json-buffer set size:23474 disposed:false
1911 silly placeDep ROOT functions-have-names@1.2.3 OK for: function.prototype.name@1.1.8 want: ^1.2.3
1912 silly placeDep ROOT dunder-proto@1.0.1 OK for: get-proto@1.0.1 want: ^1.0.1
1913 silly placeDep ROOT resolve-pkg-maps@1.0.0 OK for: get-tsconfig@4.14.0 want: ^1.0.0
1914 silly placeDep ROOT hermes-estree@0.25.1 OK for: hermes-parser@0.25.1 want: 0.25.1
1915 silly placeDep ROOT parent-module@1.0.1 OK for: import-fresh@3.3.1 want: ^1.0.0
1916 silly placeDep ROOT resolve-from@4.0.0 OK for: import-fresh@3.3.1 want: ^4.0.0
1917 silly fetch manifest callsites@^3.0.0
1918 silly packumentCache full:https://registry.npmjs.org/callsites cache-miss
1919 http cache https://registry.npmjs.org/callsites 0ms (cache hit)
1920 silly packumentCache full:https://registry.npmjs.org/callsites set size:21349 disposed:false
1921 silly placeDep ROOT side-channel@1.1.0 OK for: internal-slot@1.1.0 want: ^1.1.0
1922 silly fetch manifest side-channel-list@^1.0.0
1923 silly packumentCache full:https://registry.npmjs.org/side-channel-list cache-miss
1924 silly fetch manifest side-channel-map@^1.0.1
1925 silly packumentCache full:https://registry.npmjs.org/side-channel-map cache-miss
1926 silly fetch manifest side-channel-weakmap@^1.0.2
1927 silly packumentCache full:https://registry.npmjs.org/side-channel-weakmap cache-miss
1928 http cache https://registry.npmjs.org/side-channel-map 1ms (cache hit)
1929 silly packumentCache full:https://registry.npmjs.org/side-channel-map set size:9126 disposed:false
1930 http cache https://registry.npmjs.org/side-channel-list 1ms (cache hit)
1931 silly packumentCache full:https://registry.npmjs.org/side-channel-list set size:9021 disposed:false
1932 http cache https://registry.npmjs.org/side-channel-weakmap 1ms (cache hit)
1933 silly packumentCache full:https://registry.npmjs.org/side-channel-weakmap set size:12620 disposed:false
1934 silly placeDep node_modules/is-bun-module semver@7.8.1 OK for: is-bun-module@2.0.0 want: ^7.7.1
1935 silly placeDep ROOT is-extglob@2.1.1 OK for: is-glob@4.0.3 want: ^2.1.1
1936 silly placeDep ROOT set-function-name@2.0.2 OK for: iterator.prototype@1.1.5 want: ^2.0.2
1937 silly placeDep ROOT argparse@2.0.1 OK for: js-yaml@4.2.0 want: ^2.0.1
1938 silly placeDep ROOT json-buffer@3.0.1 OK for: keyv@4.5.4 want: 3.0.1
1939 silly placeDep ROOT language-subtag-registry@0.3.23 OK for: language-tags@1.0.9 want: ^0.3.20
1940 silly placeDep ROOT prelude-ls@1.2.1 OK for: levn@0.4.1 want: ^1.2.1
1941 silly placeDep ROOT type-check@0.4.0 OK for: levn@0.4.1 want: ~0.4.0
1942 silly placeDep ROOT detect-libc@2.1.2 OK for: lightningcss@1.32.0 want: ^2.0.3
1943 silly placeDep ROOT lightningcss-android-arm64@1.32.0 OK for: lightningcss@1.32.0 want: 1.32.0
1944 silly placeDep ROOT lightningcss-darwin-arm64@1.32.0 OK for: lightningcss@1.32.0 want: 1.32.0
1945 silly placeDep ROOT lightningcss-darwin-x64@1.32.0 OK for: lightningcss@1.32.0 want: 1.32.0
1946 silly placeDep ROOT lightningcss-freebsd-x64@1.32.0 OK for: lightningcss@1.32.0 want: 1.32.0
1947 silly placeDep ROOT lightningcss-linux-arm-gnueabihf@1.32.0 OK for: lightningcss@1.32.0 want: 1.32.0
1948 silly placeDep ROOT lightningcss-linux-arm64-gnu@1.32.0 OK for: lightningcss@1.32.0 want: 1.32.0
1949 silly placeDep ROOT lightningcss-linux-arm64-musl@1.32.0 OK for: lightningcss@1.32.0 want: 1.32.0
1950 silly placeDep ROOT lightningcss-linux-x64-gnu@1.32.0 OK for: lightningcss@1.32.0 want: 1.32.0
1951 silly placeDep ROOT lightningcss-linux-x64-musl@1.32.0 OK for: lightningcss@1.32.0 want: 1.32.0
1952 silly placeDep ROOT lightningcss-win32-arm64-msvc@1.32.0 OK for: lightningcss@1.32.0 want: 1.32.0
1953 silly placeDep ROOT lightningcss-win32-x64-msvc@1.32.0 OK for: lightningcss@1.32.0 want: 1.32.0
1954 silly placeDep ROOT p-locate@5.0.0 OK for: locate-path@6.0.0 want: ^5.0.0
1955 silly fetch manifest p-limit@^3.0.2
1956 silly packumentCache full:https://registry.npmjs.org/p-limit cache-miss
1957 http cache https://registry.npmjs.org/p-limit 1ms (cache hit)
1958 silly packumentCache full:https://registry.npmjs.org/p-limit set size:61867 disposed:false
1959 silly placeDep ROOT yallist@3.1.1 OK for: lru-cache@5.1.1 want: ^3.0.2
1960 silly placeDep ROOT braces@3.0.3 OK for: micromatch@4.0.8 want: ^3.0.3
1961 silly placeDep ROOT picomatch@2.3.2 OK for: micromatch@4.0.8 want: ^2.3.1
1962 silly fetch manifest fill-range@^7.1.1
1963 silly packumentCache full:https://registry.npmjs.org/fill-range cache-miss
1964 http cache https://registry.npmjs.org/fill-range 1ms (cache hit)
1965 silly packumentCache full:https://registry.npmjs.org/fill-range set size:90162 disposed:false
1966 silly placeDep ROOT fill-range@7.1.1 OK for: braces@3.0.3 want: ^7.1.1
1967 silly fetch manifest to-regex-range@^5.0.1
1968 silly packumentCache full:https://registry.npmjs.org/to-regex-range cache-miss
1969 http cache https://registry.npmjs.org/to-regex-range 1ms (cache hit)
1970 silly packumentCache full:https://registry.npmjs.org/to-regex-range set size:61569 disposed:false
1971 silly placeDep ROOT to-regex-range@5.0.1 OK for: fill-range@7.1.1 want: ^5.0.1
1972 silly fetch manifest is-number@^7.0.0
1973 silly packumentCache full:https://registry.npmjs.org/is-number cache-miss
1974 http cache https://registry.npmjs.org/is-number 1ms (cache hit)
1975 silly packumentCache full:https://registry.npmjs.org/is-number set size:36183 disposed:false
1976 silly placeDep ROOT brace-expansion@1.1.15 OK for: minimatch@3.1.5 want: ^1.1.7
1977 silly fetch manifest balanced-match@^1.0.0
1978 silly packumentCache full:https://registry.npmjs.org/balanced-match cache-miss
1979 silly fetch manifest concat-map@0.0.1
1980 silly packumentCache full:https://registry.npmjs.org/concat-map cache-miss
1981 http cache https://registry.npmjs.org/concat-map 1ms (cache hit)
1982 silly packumentCache full:https://registry.npmjs.org/concat-map set size:9290 disposed:false
1983 http cache https://registry.npmjs.org/balanced-match 1ms (cache hit)
1984 silly packumentCache full:https://registry.npmjs.org/balanced-match set size:39082 disposed:false
1985 silly placeDep ROOT balanced-match@1.0.2 OK for: brace-expansion@1.1.15 want: ^1.0.0
1986 silly placeDep ROOT concat-map@0.0.1 OK for: brace-expansion@1.1.15 want: 0.0.1
1987 silly fetch manifest react@^18.2.0 || 19.0.0-rc-de68d2f4-20241204 || ^19.0.0
1988 silly packumentCache full:https://registry.npmjs.org/react cache-miss
1989 http cache https://registry.npmjs.org/react 5ms (cache hit)
1990 silly packumentCache full:https://registry.npmjs.org/react set size:6679468 disposed:false
1991 silly placeDep ROOT @next/env@16.2.7 OK for: next@16.2.7 want: 16.2.7
1992 silly placeDep ROOT @next/swc-darwin-arm64@16.2.7 OK for: next@16.2.7 want: 16.2.7
1993 silly placeDep ROOT @next/swc-darwin-x64@16.2.7 OK for: next@16.2.7 want: 16.2.7
1994 silly placeDep ROOT @next/swc-linux-arm64-gnu@16.2.7 OK for: next@16.2.7 want: 16.2.7
1995 silly placeDep ROOT @next/swc-linux-arm64-musl@16.2.7 OK for: next@16.2.7 want: 16.2.7
1996 silly placeDep ROOT @next/swc-linux-x64-gnu@16.2.7 OK for: next@16.2.7 want: 16.2.7
1997 silly placeDep ROOT @next/swc-linux-x64-musl@16.2.7 OK for: next@16.2.7 want: 16.2.7
1998 silly placeDep ROOT @next/swc-win32-arm64-msvc@16.2.7 OK for: next@16.2.7 want: 16.2.7
1999 silly placeDep ROOT @next/swc-win32-x64-msvc@16.2.7 OK for: next@16.2.7 want: 16.2.7
2000 silly placeDep ROOT @swc/helpers@0.5.15 OK for: next@16.2.7 want: 0.5.15
2001 silly placeDep node_modules/next postcss@8.4.31 OK for: next@16.2.7 want: 8.4.31
2002 silly placeDep ROOT sharp@0.34.5 OK for: next@16.2.7 want: ^0.34.5
2003 silly placeDep ROOT styled-jsx@5.1.6 OK for: next@16.2.7 want: 5.1.6
2004 silly fetch manifest tslib@^2.8.0
2005 silly packumentCache full:https://registry.npmjs.org/tslib cache-miss
2006 silly fetch manifest nanoid@^3.3.6
2007 silly packumentCache full:https://registry.npmjs.org/nanoid cache-hit
2008 silly fetch manifest semver@^7.7.3
2009 silly packumentCache full:https://registry.npmjs.org/semver cache-hit
2010 silly fetch manifest @img/colour@^1.0.0
2011 silly packumentCache full:https://registry.npmjs.org/@img%2fcolour cache-miss
2012 silly fetch manifest @img/sharp-wasm32@0.34.5
2013 silly packumentCache full:https://registry.npmjs.org/@img%2fsharp-wasm32 cache-miss
2014 silly fetch manifest @img/sharp-linux-arm@0.34.5
2015 silly packumentCache full:https://registry.npmjs.org/@img%2fsharp-linux-arm cache-miss
2016 silly fetch manifest @img/sharp-linux-x64@0.34.5
2017 silly packumentCache full:https://registry.npmjs.org/@img%2fsharp-linux-x64 cache-miss
2018 silly fetch manifest @img/sharp-win32-x64@0.34.5
2019 silly packumentCache full:https://registry.npmjs.org/@img%2fsharp-win32-x64 cache-miss
2020 silly fetch manifest @img/sharp-darwin-x64@0.34.5
2021 silly packumentCache full:https://registry.npmjs.org/@img%2fsharp-darwin-x64 cache-miss
2022 silly fetch manifest @img/sharp-win32-ia32@0.34.5
2023 silly packumentCache full:https://registry.npmjs.org/@img%2fsharp-win32-ia32 cache-miss
2024 silly fetch manifest @img/sharp-linux-arm64@0.34.5
2025 silly packumentCache full:https://registry.npmjs.org/@img%2fsharp-linux-arm64 cache-miss
2026 http cache https://registry.npmjs.org/tslib 8ms (cache hit)
2027 silly packumentCache full:https://registry.npmjs.org/tslib set size:108760 disposed:false
2028 silly fetch manifest @img/sharp-linux-ppc64@0.34.5
2029 silly packumentCache full:https://registry.npmjs.org/@img%2fsharp-linux-ppc64 cache-miss
2030 http cache https://registry.npmjs.org/@img%2fsharp-darwin-x64 8ms (cache hit)
2031 silly packumentCache full:https://registry.npmjs.org/@img%2fsharp-darwin-x64 set size:75437 disposed:false
2032 silly fetch manifest @img/sharp-linux-s390x@0.34.5
2033 silly packumentCache full:https://registry.npmjs.org/@img%2fsharp-linux-s390x cache-miss
2034 http cache https://registry.npmjs.org/@img%2fsharp-wasm32 9ms (cache hit)
2035 silly packumentCache full:https://registry.npmjs.org/@img%2fsharp-wasm32 set size:69437 disposed:false
2036 silly fetch manifest @img/sharp-win32-arm64@0.34.5
2037 silly packumentCache full:https://registry.npmjs.org/@img%2fsharp-win32-arm64 cache-miss
2038 http cache https://registry.npmjs.org/@img%2fcolour 9ms (cache hit)
2039 silly packumentCache full:https://registry.npmjs.org/@img%2fcolour set size:9701 disposed:false
2040 silly fetch manifest @img/sharp-darwin-arm64@0.34.5
2041 silly packumentCache full:https://registry.npmjs.org/@img%2fsharp-darwin-arm64 cache-miss
2042 http cache https://registry.npmjs.org/@img%2fsharp-linux-x64 9ms (cache hit)
2043 silly packumentCache full:https://registry.npmjs.org/@img%2fsharp-linux-x64 set size:74659 disposed:false
2044 silly fetch manifest @img/sharp-linux-riscv64@0.34.5
2045 silly packumentCache full:https://registry.npmjs.org/@img%2fsharp-linux-riscv64 cache-miss
2046 http cache https://registry.npmjs.org/@img%2fsharp-linux-arm 10ms (cache hit)
2047 silly packumentCache full:https://registry.npmjs.org/@img%2fsharp-linux-arm set size:75025 disposed:false
2048 silly fetch manifest @img/sharp-linuxmusl-x64@0.34.5
2049 silly packumentCache full:https://registry.npmjs.org/@img%2fsharp-linuxmusl-x64 cache-miss
2050 http cache https://registry.npmjs.org/@img%2fsharp-linux-arm64 9ms (cache hit)
2051 silly packumentCache full:https://registry.npmjs.org/@img%2fsharp-linux-arm64 set size:75657 disposed:false
2052 silly fetch manifest @img/sharp-linuxmusl-arm64@0.34.5
2053 silly packumentCache full:https://registry.npmjs.org/@img%2fsharp-linuxmusl-arm64 cache-miss
2054 http cache https://registry.npmjs.org/@img%2fsharp-win32-x64 10ms (cache hit)
2055 silly packumentCache full:https://registry.npmjs.org/@img%2fsharp-win32-x64 set size:72477 disposed:false
2056 silly fetch manifest @img/sharp-libvips-linux-arm@1.2.4
2057 silly packumentCache full:https://registry.npmjs.org/@img%2fsharp-libvips-linux-arm cache-miss
2058 http cache https://registry.npmjs.org/@img%2fsharp-win32-ia32 10ms (cache hit)
2059 silly packumentCache full:https://registry.npmjs.org/@img%2fsharp-win32-ia32 set size:73172 disposed:false
2060 silly fetch manifest @img/sharp-libvips-linux-x64@1.2.4
2061 silly packumentCache full:https://registry.npmjs.org/@img%2fsharp-libvips-linux-x64 cache-miss
2062 http cache https://registry.npmjs.org/@img%2fsharp-linux-s390x 4ms (cache hit)
2063 silly packumentCache full:https://registry.npmjs.org/@img%2fsharp-linux-s390x set size:73603 disposed:false
2064 silly fetch manifest @img/sharp-libvips-darwin-x64@1.2.4
2065 silly packumentCache full:https://registry.npmjs.org/@img%2fsharp-libvips-darwin-x64 cache-miss
2066 http cache https://registry.npmjs.org/@img%2fsharp-win32-arm64 4ms (cache hit)
2067 silly packumentCache full:https://registry.npmjs.org/@img%2fsharp-win32-arm64 set size:32122 disposed:false
2068 silly fetch manifest @img/sharp-libvips-linux-arm64@1.2.4
2069 silly packumentCache full:https://registry.npmjs.org/@img%2fsharp-libvips-linux-arm64 cache-miss
2070 http cache https://registry.npmjs.org/@img%2fsharp-linuxmusl-arm64 3ms (cache hit)
2071 silly packumentCache full:https://registry.npmjs.org/@img%2fsharp-linuxmusl-arm64 set size:76866 disposed:false
2072 silly fetch manifest @img/sharp-libvips-linux-ppc64@1.2.4
2073 silly packumentCache full:https://registry.npmjs.org/@img%2fsharp-libvips-linux-ppc64 cache-miss
2074 http cache https://registry.npmjs.org/@img%2fsharp-darwin-arm64 5ms (cache hit)
2075 silly packumentCache full:https://registry.npmjs.org/@img%2fsharp-darwin-arm64 set size:76460 disposed:false
2076 silly fetch manifest @img/sharp-libvips-linux-s390x@1.2.4
2077 silly packumentCache full:https://registry.npmjs.org/@img%2fsharp-libvips-linux-s390x cache-miss
2078 http cache https://registry.npmjs.org/@img%2fsharp-linux-ppc64 6ms (cache hit)
2079 silly packumentCache full:https://registry.npmjs.org/@img%2fsharp-linux-ppc64 set size:40341 disposed:false
2080 silly fetch manifest @img/sharp-libvips-darwin-arm64@1.2.4
2081 silly packumentCache full:https://registry.npmjs.org/@img%2fsharp-libvips-darwin-arm64 cache-miss
2082 http cache https://registry.npmjs.org/@img%2fsharp-linuxmusl-x64 4ms (cache hit)
2083 silly packumentCache full:https://registry.npmjs.org/@img%2fsharp-linuxmusl-x64 set size:75867 disposed:false
2084 silly fetch manifest @img/sharp-libvips-linux-riscv64@1.2.4
2085 silly packumentCache full:https://registry.npmjs.org/@img%2fsharp-libvips-linux-riscv64 cache-miss
2086 http cache https://registry.npmjs.org/@img%2fsharp-libvips-linux-arm 4ms (cache hit)
2087 silly packumentCache full:https://registry.npmjs.org/@img%2fsharp-libvips-linux-arm set size:69203 disposed:false
2088 silly fetch manifest @img/sharp-libvips-linuxmusl-x64@1.2.4
2089 silly packumentCache full:https://registry.npmjs.org/@img%2fsharp-libvips-linuxmusl-x64 cache-miss
2090 http cache https://registry.npmjs.org/@img%2fsharp-libvips-linux-x64 4ms (cache hit)
2091 silly packumentCache full:https://registry.npmjs.org/@img%2fsharp-libvips-linux-x64 set size:67222 disposed:false
2092 silly fetch manifest @img/sharp-libvips-linuxmusl-arm64@1.2.4
2093 silly packumentCache full:https://registry.npmjs.org/@img%2fsharp-libvips-linuxmusl-arm64 cache-miss
2094 http cache https://registry.npmjs.org/@img%2fsharp-linux-riscv64 5ms (cache hit)
2095 silly packumentCache full:https://registry.npmjs.org/@img%2fsharp-linux-riscv64 set size:17504 disposed:false
2096 silly fetch manifest client-only@0.0.1
2097 silly packumentCache full:https://registry.npmjs.org/client-only cache-miss
2098 http cache https://registry.npmjs.org/@img%2fsharp-libvips-linux-arm64 4ms (cache hit)
2099 silly packumentCache full:https://registry.npmjs.org/@img%2fsharp-libvips-linux-arm64 set size:66148 disposed:false
2100 http cache https://registry.npmjs.org/@img%2fsharp-libvips-darwin-x64 4ms (cache hit)
2101 silly packumentCache full:https://registry.npmjs.org/@img%2fsharp-libvips-darwin-x64 set size:62245 disposed:false
2102 http cache https://registry.npmjs.org/@img%2fsharp-libvips-linux-ppc64 4ms (cache hit)
2103 silly packumentCache full:https://registry.npmjs.org/@img%2fsharp-libvips-linux-ppc64 set size:53353 disposed:false
2104 http cache https://registry.npmjs.org/@img%2fsharp-libvips-linux-riscv64 3ms (cache hit)
2105 silly packumentCache full:https://registry.npmjs.org/@img%2fsharp-libvips-linux-riscv64 set size:39389 disposed:false
2106 http cache https://registry.npmjs.org/@img%2fsharp-libvips-linuxmusl-arm64 3ms (cache hit)
2107 silly packumentCache full:https://registry.npmjs.org/@img%2fsharp-libvips-linuxmusl-arm64 set size:65104 disposed:false
2108 http cache https://registry.npmjs.org/@img%2fsharp-libvips-darwin-arm64 4ms (cache hit)
2109 silly packumentCache full:https://registry.npmjs.org/@img%2fsharp-libvips-darwin-arm64 set size:62951 disposed:false
2110 http cache https://registry.npmjs.org/@img%2fsharp-libvips-linuxmusl-x64 3ms (cache hit)
2111 silly packumentCache full:https://registry.npmjs.org/@img%2fsharp-libvips-linuxmusl-x64 set size:64360 disposed:false
2112 http cache https://registry.npmjs.org/@img%2fsharp-libvips-linux-s390x 5ms (cache hit)
2113 silly packumentCache full:https://registry.npmjs.org/@img%2fsharp-libvips-linux-s390x set size:62330 disposed:false
2114 http cache https://registry.npmjs.org/client-only 4ms (cache hit)
2115 silly packumentCache full:https://registry.npmjs.org/client-only set size:2750 disposed:false
2116 silly placeDep ROOT tslib@2.8.1 OK for: @swc/helpers@0.5.15 want: ^2.8.0
2117 silly placeDep ROOT deep-is@0.1.4 OK for: optionator@0.9.4 want: ^0.1.3
2118 silly placeDep ROOT fast-levenshtein@2.0.6 OK for: optionator@0.9.4 want: ^2.0.6
2119 silly placeDep ROOT word-wrap@1.2.5 OK for: optionator@0.9.4 want: ^1.2.5
2120 silly placeDep ROOT p-limit@3.1.0 OK for: p-locate@5.0.0 want: ^3.0.2
2121 silly fetch manifest yocto-queue@^0.1.0
2122 silly packumentCache full:https://registry.npmjs.org/yocto-queue cache-miss
2123 http cache https://registry.npmjs.org/yocto-queue 1ms (cache hit)
2124 silly packumentCache full:https://registry.npmjs.org/yocto-queue set size:20256 disposed:false
2125 silly placeDep ROOT yocto-queue@0.1.0 OK for: p-limit@3.1.0 want: ^0.1.0
2126 silly placeDep ROOT callsites@3.1.0 OK for: parent-module@1.0.1 want: ^3.0.0
2127 silly placeDep ROOT nanoid@3.3.12 OK for: postcss@8.5.15 want: ^3.3.12
2128 silly placeDep ROOT loose-envify@1.4.0 OK for: prop-types@15.8.1 want: ^1.4.0
2129 silly placeDep ROOT object-assign@4.1.1 OK for: prop-types@15.8.1 want: ^4.1.1
2130 silly placeDep ROOT react-is@16.13.1 OK for: prop-types@15.8.1 want: ^16.13.1
2131 silly placeDep ROOT scheduler@0.27.0 OK for: react-dom@19.2.4 want: ^0.27.0
2132 silly placeDep ROOT node-exports-info@1.6.0 OK for: resolve@2.0.0-next.7 want: ^1.6.0
2133 silly placeDep ROOT path-parse@1.0.7 OK for: resolve@2.0.0-next.7 want: ^1.0.7
2134 silly placeDep ROOT supports-preserve-symlinks-flag@1.0.0 OK for: resolve@2.0.0-next.7 want: ^1.0.0
2135 silly placeDep ROOT queue-microtask@1.2.3 OK for: run-parallel@1.2.0 want: ^1.2.2
2136 silly placeDep ROOT isarray@2.0.5 OK for: safe-array-concat@1.1.4 want: ^2.0.5
2137 silly placeDep ROOT @img/colour@1.1.0 OK for: sharp@0.34.5 want: ^1.0.0
2138 silly placeDep ROOT @img/sharp-darwin-arm64@0.34.5 OK for: sharp@0.34.5 want: 0.34.5
2139 silly placeDep ROOT @img/sharp-darwin-x64@0.34.5 OK for: sharp@0.34.5 want: 0.34.5
2140 silly placeDep ROOT @img/sharp-libvips-darwin-arm64@1.2.4 OK for: sharp@0.34.5 want: 1.2.4
2141 silly placeDep ROOT @img/sharp-libvips-darwin-x64@1.2.4 OK for: sharp@0.34.5 want: 1.2.4
2142 silly placeDep ROOT @img/sharp-libvips-linux-arm@1.2.4 OK for: sharp@0.34.5 want: 1.2.4
2143 silly placeDep ROOT @img/sharp-libvips-linux-arm64@1.2.4 OK for: sharp@0.34.5 want: 1.2.4
2144 silly placeDep ROOT @img/sharp-libvips-linux-ppc64@1.2.4 OK for: sharp@0.34.5 want: 1.2.4
2145 silly placeDep ROOT @img/sharp-libvips-linux-riscv64@1.2.4 OK for: sharp@0.34.5 want: 1.2.4
2146 silly placeDep ROOT @img/sharp-libvips-linux-s390x@1.2.4 OK for: sharp@0.34.5 want: 1.2.4
2147 silly placeDep ROOT @img/sharp-libvips-linux-x64@1.2.4 OK for: sharp@0.34.5 want: 1.2.4
2148 silly placeDep ROOT @img/sharp-libvips-linuxmusl-arm64@1.2.4 OK for: sharp@0.34.5 want: 1.2.4
2149 silly placeDep ROOT @img/sharp-libvips-linuxmusl-x64@1.2.4 OK for: sharp@0.34.5 want: 1.2.4
2150 silly placeDep ROOT @img/sharp-linux-arm@0.34.5 OK for: sharp@0.34.5 want: 0.34.5
2151 silly placeDep ROOT @img/sharp-linux-arm64@0.34.5 OK for: sharp@0.34.5 want: 0.34.5
2152 silly placeDep ROOT @img/sharp-linux-ppc64@0.34.5 OK for: sharp@0.34.5 want: 0.34.5
2153 silly placeDep ROOT @img/sharp-linux-riscv64@0.34.5 OK for: sharp@0.34.5 want: 0.34.5
2154 silly placeDep ROOT @img/sharp-linux-s390x@0.34.5 OK for: sharp@0.34.5 want: 0.34.5
2155 silly placeDep ROOT @img/sharp-linux-x64@0.34.5 OK for: sharp@0.34.5 want: 0.34.5
2156 silly placeDep ROOT @img/sharp-linuxmusl-arm64@0.34.5 OK for: sharp@0.34.5 want: 0.34.5
2157 silly placeDep ROOT @img/sharp-linuxmusl-x64@0.34.5 OK for: sharp@0.34.5 want: 0.34.5
2158 silly placeDep ROOT @img/sharp-wasm32@0.34.5 OK for: sharp@0.34.5 want: 0.34.5
2159 silly placeDep ROOT @img/sharp-win32-arm64@0.34.5 OK for: sharp@0.34.5 want: 0.34.5
2160 silly placeDep ROOT @img/sharp-win32-ia32@0.34.5 OK for: sharp@0.34.5 want: 0.34.5
2161 silly placeDep ROOT @img/sharp-win32-x64@0.34.5 OK for: sharp@0.34.5 want: 0.34.5
2162 silly placeDep node_modules/sharp semver@7.8.1 OK for: sharp@0.34.5 want: ^7.7.3
2163 silly fetch manifest @emnapi/runtime@^1.7.0
2164 silly packumentCache full:https://registry.npmjs.org/@emnapi%2fruntime cache-miss
2165 http cache https://registry.npmjs.org/@emnapi%2fruntime 1ms (cache hit)
2166 silly packumentCache full:https://registry.npmjs.org/@emnapi%2fruntime set size:109985 disposed:false
2167 silly placeDep ROOT @emnapi/runtime@1.10.0 OK for: @img/sharp-wasm32@0.34.5 want: ^1.7.0
2168 silly placeDep ROOT shebang-regex@3.0.0 OK for: shebang-command@2.0.0 want: ^3.0.0
2169 silly placeDep ROOT side-channel-list@1.0.1 OK for: side-channel@1.1.0 want: ^1.0.0
2170 silly placeDep ROOT side-channel-map@1.0.1 OK for: side-channel@1.1.0 want: ^1.0.1
2171 silly placeDep ROOT side-channel-weakmap@1.0.2 OK for: side-channel@1.1.0 want: ^1.0.2
2172 silly placeDep ROOT client-only@0.0.1 OK for: styled-jsx@5.1.6 want: 0.0.1
2173 silly placeDep ROOT has-flag@4.0.0 OK for: supports-color@7.2.0 want: ^4.0.0
2174 silly placeDep node_modules/tinyglobby fdir@6.5.0 OK for: tinyglobby@0.2.17 want: ^6.5.0
2175 silly placeDep node_modules/tinyglobby picomatch@4.0.4 OK for: fdir@6.5.0 want: ^3 || ^4
2176 silly placeDep ROOT is-number@7.0.0 OK for: to-regex-range@5.0.1 want: ^7.0.0
2177 silly placeDep ROOT @types/json5@0.0.29 OK for: tsconfig-paths@3.15.0 want: ^0.0.29
2178 silly placeDep node_modules/tsconfig-paths json5@1.0.2 OK for: tsconfig-paths@3.15.0 want: ^1.0.2
2179 silly placeDep ROOT minimist@1.2.8 OK for: tsconfig-paths@3.15.0 want: ^1.2.6
2180 silly placeDep ROOT strip-bom@3.0.0 OK for: tsconfig-paths@3.15.0 want: ^3.0.0
2181 silly fetch manifest minimist@^1.2.0
2182 silly packumentCache full:https://registry.npmjs.org/minimist cache-hit
2183 silly placeDep ROOT for-each@0.3.5 OK for: typed-array-byte-length@1.0.3 want: ^0.3.3
2184 silly placeDep ROOT reflect.getprototypeof@1.0.10 OK for: typed-array-byte-offset@1.0.4 want: ^1.0.9
2185 silly fetch manifest which-builtin-type@^1.2.1
2186 silly packumentCache full:https://registry.npmjs.org/which-builtin-type cache-miss
2187 http cache https://registry.npmjs.org/which-builtin-type 1ms (cache hit)
2188 silly packumentCache full:https://registry.npmjs.org/which-builtin-type set size:39107 disposed:false
2189 silly placeDep ROOT which-builtin-type@1.2.1 OK for: reflect.getprototypeof@1.0.10 want: ^1.2.1
2190 silly fetch manifest is-async-function@^2.0.0
2191 silly packumentCache full:https://registry.npmjs.org/is-async-function cache-miss
2192 silly fetch manifest is-finalizationregistry@^1.1.0
2193 silly packumentCache full:https://registry.npmjs.org/is-finalizationregistry cache-miss
2194 silly fetch manifest is-generator-function@^1.0.10
2195 silly packumentCache full:https://registry.npmjs.org/is-generator-function cache-miss
2196 silly fetch manifest which-boxed-primitive@^1.1.0
2197 silly packumentCache full:https://registry.npmjs.org/which-boxed-primitive cache-hit
2198 silly fetch manifest which-collection@^1.0.2
2199 silly packumentCache full:https://registry.npmjs.org/which-collection cache-miss
2200 http cache https://registry.npmjs.org/is-finalizationregistry 1ms (cache hit)
2201 silly packumentCache full:https://registry.npmjs.org/is-finalizationregistry set size:19800 disposed:false
2202 http cache https://registry.npmjs.org/is-async-function 2ms (cache hit)
2203 silly packumentCache full:https://registry.npmjs.org/is-async-function set size:51614 disposed:false
2204 http cache https://registry.npmjs.org/which-collection 1ms (cache hit)
2205 silly packumentCache full:https://registry.npmjs.org/which-collection set size:13607 disposed:false
2206 http cache https://registry.npmjs.org/is-generator-function 1ms (cache hit)
2207 silly packumentCache full:https://registry.npmjs.org/is-generator-function set size:44643 disposed:false
2208 silly fetch manifest eslint@^8.57.0 || ^9.0.0 || ^10.0.0
2209 silly packumentCache full:https://registry.npmjs.org/eslint cache-miss
2210 http cache https://registry.npmjs.org/eslint 2ms (cache hit)
2211 silly packumentCache full:https://registry.npmjs.org/eslint set size:2004222 disposed:false
2212 silly fetch manifest typescript@>=4.8.4 <6.1.0
2213 silly packumentCache full:https://registry.npmjs.org/typescript cache-miss
2214 http cache https://registry.npmjs.org/typescript 9ms (cache hit)
2215 silly packumentCache full:https://registry.npmjs.org/typescript set size:15409943 disposed:false
2216 silly placeDep ROOT @typescript-eslint/eslint-plugin@8.60.1 OK for: typescript-eslint@8.60.1 want: 8.60.1
2217 silly placeDep ROOT @typescript-eslint/parser@8.60.1 OK for: @typescript-eslint/eslint-plugin@8.60.1 want: ^8.60.1
2218 silly placeDep ROOT @typescript-eslint/typescript-estree@8.60.1 OK for: typescript-eslint@8.60.1 want: 8.60.1
2219 silly placeDep ROOT @typescript-eslint/utils@8.60.1 OK for: typescript-eslint@8.60.1 want: 8.60.1
2220 silly fetch manifest ignore@^7.0.5
2221 silly packumentCache full:https://registry.npmjs.org/ignore cache-hit
2222 silly fetch manifest ts-api-utils@^2.5.0
2223 silly packumentCache full:https://registry.npmjs.org/ts-api-utils cache-miss
2224 silly fetch manifest @typescript-eslint/type-utils@8.60.1
2225 silly packumentCache full:https://registry.npmjs.org/@typescript-eslint%2ftype-utils cache-miss
2226 silly fetch manifest @typescript-eslint/visitor-keys@8.60.1
2227 silly packumentCache full:https://registry.npmjs.org/@typescript-eslint%2fvisitor-keys cache-miss
2228 silly fetch manifest @typescript-eslint/scope-manager@8.60.1
2229 silly packumentCache full:https://registry.npmjs.org/@typescript-eslint%2fscope-manager cache-miss
2230 silly fetch manifest @typescript-eslint/types@8.60.1
2231 silly packumentCache full:https://registry.npmjs.org/@typescript-eslint%2ftypes cache-miss
2232 silly fetch manifest @typescript-eslint/visitor-keys@8.60.1
2233 silly packumentCache full:https://registry.npmjs.org/@typescript-eslint%2fvisitor-keys cache-miss
2234 silly fetch manifest @typescript-eslint/scope-manager@8.60.1
2235 silly packumentCache full:https://registry.npmjs.org/@typescript-eslint%2fscope-manager cache-miss
2236 silly fetch manifest minimatch@^10.2.2
2237 silly packumentCache full:https://registry.npmjs.org/minimatch cache-hit
2238 silly fetch manifest ts-api-utils@^2.5.0
2239 silly packumentCache full:https://registry.npmjs.org/ts-api-utils cache-miss
2240 silly fetch manifest @typescript-eslint/types@8.60.1
2241 silly packumentCache full:https://registry.npmjs.org/@typescript-eslint%2ftypes cache-miss
2242 http cache https://registry.npmjs.org/@typescript-eslint%2fscope-manager 19ms (cache hit)
2243 silly packumentCache full:https://registry.npmjs.org/@typescript-eslint%2fscope-manager set size:12496174 disposed:false
2244 silly fetch manifest @typescript-eslint/visitor-keys@8.60.1
2245 silly packumentCache full:https://registry.npmjs.org/@typescript-eslint%2fvisitor-keys cache-miss
2246 http cache https://registry.npmjs.org/@typescript-eslint%2fvisitor-keys 43ms (cache hit)
2247 silly packumentCache full:https://registry.npmjs.org/@typescript-eslint%2fvisitor-keys set size:11893654 disposed:false
2248 silly fetch manifest @typescript-eslint/tsconfig-utils@8.60.1
2249 silly packumentCache full:https://registry.npmjs.org/@typescript-eslint%2ftsconfig-utils cache-miss
2250 http cache https://registry.npmjs.org/@typescript-eslint%2ftypes 68ms (cache hit)
2251 silly packumentCache full:https://registry.npmjs.org/@typescript-eslint%2ftypes set size:12309798 disposed:false
2252 silly fetch manifest @typescript-eslint/project-service@8.60.1
2253 silly packumentCache full:https://registry.npmjs.org/@typescript-eslint%2fproject-service cache-miss
2254 http cache https://registry.npmjs.org/@typescript-eslint%2ftypes 99ms (cache hit)
2255 silly packumentCache full:https://registry.npmjs.org/@typescript-eslint%2ftypes set size:12309798 disposed:false
2256 http cache https://registry.npmjs.org/ts-api-utils 127ms (cache hit)
2257 silly packumentCache full:https://registry.npmjs.org/ts-api-utils set size:226785 disposed:false
2258 http cache https://registry.npmjs.org/@typescript-eslint%2fscope-manager 135ms (cache hit)
2259 silly packumentCache full:https://registry.npmjs.org/@typescript-eslint%2fscope-manager set size:12496174 disposed:false
2260 http cache https://registry.npmjs.org/ts-api-utils 153ms (cache hit)
2261 silly packumentCache full:https://registry.npmjs.org/ts-api-utils set size:226785 disposed:false
2262 silly packumentCache full:https://registry.npmjs.org/ts-api-utils dispose
2263 http cache https://registry.npmjs.org/@typescript-eslint%2fvisitor-keys 159ms (cache hit)
2264 silly packumentCache full:https://registry.npmjs.org/@typescript-eslint%2fvisitor-keys set size:11893654 disposed:false
2265 http cache https://registry.npmjs.org/@typescript-eslint%2ftype-utils 186ms (cache hit)
2266 silly packumentCache full:https://registry.npmjs.org/@typescript-eslint%2ftype-utils set size:9371591 disposed:false
2267 http cache https://registry.npmjs.org/@typescript-eslint%2ftsconfig-utils 147ms (cache hit)
2268 silly packumentCache full:https://registry.npmjs.org/@typescript-eslint%2ftsconfig-utils set size:1305352 disposed:false
2269 http cache https://registry.npmjs.org/@typescript-eslint%2fproject-service 119ms (cache hit)
2270 silly packumentCache full:https://registry.npmjs.org/@typescript-eslint%2fproject-service set size:1386779 disposed:false
2271 http cache https://registry.npmjs.org/@typescript-eslint%2fvisitor-keys 183ms (cache hit)
2272 silly packumentCache full:https://registry.npmjs.org/@typescript-eslint%2fvisitor-keys set size:11893654 disposed:false
2273 silly placeDep ROOT @typescript-eslint/scope-manager@8.60.1 OK for: @typescript-eslint/eslint-plugin@8.60.1 want: 8.60.1
2274 silly placeDep ROOT @typescript-eslint/type-utils@8.60.1 OK for: @typescript-eslint/eslint-plugin@8.60.1 want: 8.60.1
2275 silly placeDep ROOT @typescript-eslint/visitor-keys@8.60.1 OK for: @typescript-eslint/eslint-plugin@8.60.1 want: 8.60.1
2276 silly placeDep node_modules/@typescript-eslint/eslint-plugin ignore@7.0.5 OK for: @typescript-eslint/eslint-plugin@8.60.1 want: ^7.0.5
2277 silly placeDep ROOT ts-api-utils@2.5.0 OK for: @typescript-eslint/eslint-plugin@8.60.1 want: ^2.5.0
2278 silly fetch manifest eslint-visitor-keys@^5.0.0
2279 silly packumentCache full:https://registry.npmjs.org/eslint-visitor-keys cache-hit
2280 silly placeDep ROOT @typescript-eslint/types@8.60.1 OK for: @typescript-eslint/parser@8.60.1 want: 8.60.1
2281 silly placeDep ROOT @typescript-eslint/project-service@8.60.1 OK for: @typescript-eslint/typescript-estree@8.60.1 want: 8.60.1
2282 silly placeDep ROOT @typescript-eslint/tsconfig-utils@8.60.1 OK for: @typescript-eslint/typescript-estree@8.60.1 want: 8.60.1
2283 silly placeDep node_modules/@typescript-eslint/typescript-estree minimatch@10.2.5 OK for: @typescript-eslint/typescript-estree@8.60.1 want: ^10.2.2
2284 silly placeDep node_modules/@typescript-eslint/typescript-estree semver@7.8.1 OK for: @typescript-eslint/typescript-estree@8.60.1 want: ^7.7.3
2285 silly fetch manifest @typescript-eslint/tsconfig-utils@^8.60.1
2286 silly packumentCache full:https://registry.npmjs.org/@typescript-eslint%2ftsconfig-utils cache-miss
2287 silly fetch manifest brace-expansion@^5.0.5
2288 silly packumentCache full:https://registry.npmjs.org/brace-expansion cache-hit
2289 http cache https://registry.npmjs.org/@typescript-eslint%2ftsconfig-utils 2ms (cache hit)
2290 silly packumentCache full:https://registry.npmjs.org/@typescript-eslint%2ftsconfig-utils set size:1305352 disposed:false
2291 silly placeDep node_modules/@typescript-eslint/visitor-keys eslint-visitor-keys@5.0.1 OK for: @typescript-eslint/visitor-keys@8.60.1 want: ^5.0.0
2292 silly placeDep ROOT has-bigints@1.1.0 OK for: unbox-primitive@1.1.0 want: ^1.0.2
2293 silly placeDep ROOT which-boxed-primitive@1.1.1 OK for: unbox-primitive@1.1.0 want: ^1.1.1
2294 silly fetch manifest is-bigint@^1.1.0
2295 silly packumentCache full:https://registry.npmjs.org/is-bigint cache-miss
2296 silly fetch manifest is-boolean-object@^1.2.1
2297 silly packumentCache full:https://registry.npmjs.org/is-boolean-object cache-miss
2298 silly fetch manifest is-number-object@^1.1.1
2299 silly packumentCache full:https://registry.npmjs.org/is-number-object cache-miss
2300 http cache https://registry.npmjs.org/is-bigint 1ms (cache hit)
2301 silly packumentCache full:https://registry.npmjs.org/is-bigint set size:20283 disposed:false
2302 http cache https://registry.npmjs.org/is-number-object 1ms (cache hit)
2303 silly packumentCache full:https://registry.npmjs.org/is-number-object set size:31189 disposed:false
2304 http cache https://registry.npmjs.org/is-boolean-object 1ms (cache hit)
2305 silly packumentCache full:https://registry.npmjs.org/is-boolean-object set size:31341 disposed:false
2306 silly placeDep ROOT @unrs/resolver-binding-android-arm-eabi@1.12.2 OK for: unrs-resolver@1.12.2 want: 1.12.2
2307 silly placeDep ROOT @unrs/resolver-binding-android-arm64@1.12.2 OK for: unrs-resolver@1.12.2 want: 1.12.2
2308 silly placeDep ROOT @unrs/resolver-binding-darwin-arm64@1.12.2 OK for: unrs-resolver@1.12.2 want: 1.12.2
2309 silly placeDep ROOT @unrs/resolver-binding-darwin-x64@1.12.2 OK for: unrs-resolver@1.12.2 want: 1.12.2
2310 silly placeDep ROOT @unrs/resolver-binding-freebsd-x64@1.12.2 OK for: unrs-resolver@1.12.2 want: 1.12.2
2311 silly placeDep ROOT @unrs/resolver-binding-linux-arm-gnueabihf@1.12.2 OK for: unrs-resolver@1.12.2 want: 1.12.2
2312 silly placeDep ROOT @unrs/resolver-binding-linux-arm-musleabihf@1.12.2 OK for: unrs-resolver@1.12.2 want: 1.12.2
2313 silly placeDep ROOT @unrs/resolver-binding-linux-arm64-gnu@1.12.2 OK for: unrs-resolver@1.12.2 want: 1.12.2
2314 silly placeDep ROOT @unrs/resolver-binding-linux-arm64-musl@1.12.2 OK for: unrs-resolver@1.12.2 want: 1.12.2
2315 silly placeDep ROOT @unrs/resolver-binding-linux-loong64-gnu@1.12.2 OK for: unrs-resolver@1.12.2 want: 1.12.2
2316 silly placeDep ROOT @unrs/resolver-binding-linux-loong64-musl@1.12.2 OK for: unrs-resolver@1.12.2 want: 1.12.2
2317 silly placeDep ROOT @unrs/resolver-binding-linux-ppc64-gnu@1.12.2 OK for: unrs-resolver@1.12.2 want: 1.12.2
2318 silly placeDep ROOT @unrs/resolver-binding-linux-riscv64-gnu@1.12.2 OK for: unrs-resolver@1.12.2 want: 1.12.2
2319 silly placeDep ROOT @unrs/resolver-binding-linux-riscv64-musl@1.12.2 OK for: unrs-resolver@1.12.2 want: 1.12.2
2320 silly placeDep ROOT @unrs/resolver-binding-linux-s390x-gnu@1.12.2 OK for: unrs-resolver@1.12.2 want: 1.12.2
2321 silly placeDep ROOT @unrs/resolver-binding-linux-x64-gnu@1.12.2 OK for: unrs-resolver@1.12.2 want: 1.12.2
2322 silly placeDep ROOT @unrs/resolver-binding-linux-x64-musl@1.12.2 OK for: unrs-resolver@1.12.2 want: 1.12.2
2323 silly placeDep ROOT @unrs/resolver-binding-openharmony-arm64@1.12.2 OK for: unrs-resolver@1.12.2 want: 1.12.2
2324 silly placeDep ROOT @unrs/resolver-binding-wasm32-wasi@1.12.2 OK for: unrs-resolver@1.12.2 want: 1.12.2
2325 silly placeDep ROOT @unrs/resolver-binding-win32-arm64-msvc@1.12.2 OK for: unrs-resolver@1.12.2 want: 1.12.2
2326 silly placeDep ROOT @unrs/resolver-binding-win32-ia32-msvc@1.12.2 OK for: unrs-resolver@1.12.2 want: 1.12.2
2327 silly placeDep ROOT @unrs/resolver-binding-win32-x64-msvc@1.12.2 OK for: unrs-resolver@1.12.2 want: 1.12.2
2328 silly placeDep ROOT napi-postinstall@0.3.4 OK for: unrs-resolver@1.12.2 want: ^0.3.4
2329 silly fetch manifest @napi-rs/wasm-runtime@^1.1.4
2330 silly packumentCache full:https://registry.npmjs.org/@napi-rs%2fwasm-runtime cache-miss
2331 silly fetch manifest @emnapi/core@1.10.0
2332 silly packumentCache full:https://registry.npmjs.org/@emnapi%2fcore cache-miss
2333 http cache https://registry.npmjs.org/@napi-rs%2fwasm-runtime 1ms (cache hit)
2334 silly packumentCache full:https://registry.npmjs.org/@napi-rs%2fwasm-runtime set size:71273 disposed:false
2335 http cache https://registry.npmjs.org/@emnapi%2fcore 2ms (cache hit)
2336 silly packumentCache full:https://registry.npmjs.org/@emnapi%2fcore set size:108001 disposed:false
2337 silly fetch manifest @emnapi/runtime@1.10.0
2338 silly packumentCache full:https://registry.npmjs.org/@emnapi%2fruntime cache-hit
2339 silly placeDep ROOT @emnapi/core@1.10.0 OK for: @unrs/resolver-binding-wasm32-wasi@1.12.2 want: 1.10.0
2340 silly placeDep ROOT @napi-rs/wasm-runtime@1.1.4 OK for: @unrs/resolver-binding-wasm32-wasi@1.12.2 want: ^1.1.4
2341 silly fetch manifest @emnapi/wasi-threads@1.2.1
2342 silly packumentCache full:https://registry.npmjs.org/@emnapi%2fwasi-threads cache-miss
2343 silly fetch manifest @tybys/wasm-util@^0.10.1
2344 silly packumentCache full:https://registry.npmjs.org/@tybys%2fwasm-util cache-miss
2345 http cache https://registry.npmjs.org/@emnapi%2fwasi-threads 1ms (cache hit)
2346 silly packumentCache full:https://registry.npmjs.org/@emnapi%2fwasi-threads set size:24206 disposed:false
2347 http cache https://registry.npmjs.org/@tybys%2fwasm-util 1ms (cache hit)
2348 silly packumentCache full:https://registry.npmjs.org/@tybys%2fwasm-util set size:57759 disposed:false
2349 silly placeDep ROOT @emnapi/wasi-threads@1.2.1 OK for: @emnapi/core@1.10.0 want: 1.2.1
2350 silly placeDep ROOT @tybys/wasm-util@0.10.2 OK for: @napi-rs/wasm-runtime@1.1.4 want: ^0.10.1
2351 silly placeDep ROOT escalade@3.2.0 OK for: update-browserslist-db@1.2.3 want: ^3.2.0
2352 silly placeDep ROOT punycode@2.3.1 OK for: uri-js@4.4.1 want: ^2.1.0
2353 silly placeDep ROOT isexe@2.0.0 OK for: which@2.0.2 want: ^2.0.0
2354 silly placeDep ROOT is-bigint@1.1.0 OK for: which-boxed-primitive@1.1.1 want: ^1.1.0
2355 silly placeDep ROOT is-boolean-object@1.2.2 OK for: which-boxed-primitive@1.1.1 want: ^1.2.1
2356 silly placeDep ROOT is-number-object@1.1.1 OK for: which-boxed-primitive@1.1.1 want: ^1.1.1
2357 silly placeDep ROOT is-async-function@2.1.1 OK for: which-builtin-type@1.2.1 want: ^2.0.0
2358 silly placeDep ROOT is-finalizationregistry@1.1.1 OK for: which-builtin-type@1.2.1 want: ^1.1.0
2359 silly placeDep ROOT is-generator-function@1.1.2 OK for: which-builtin-type@1.2.1 want: ^1.0.10
2360 silly placeDep ROOT which-collection@1.0.2 OK for: which-builtin-type@1.2.1 want: ^1.0.2
2361 silly fetch manifest async-function@^1.0.0
2362 silly packumentCache full:https://registry.npmjs.org/async-function cache-miss
2363 silly fetch manifest generator-function@^2.0.0
2364 silly packumentCache full:https://registry.npmjs.org/generator-function cache-miss
2365 silly fetch manifest is-map@^2.0.3
2366 silly packumentCache full:https://registry.npmjs.org/is-map cache-miss
2367 silly fetch manifest is-weakmap@^2.0.2
2368 silly packumentCache full:https://registry.npmjs.org/is-weakmap cache-miss
2369 silly fetch manifest is-weakset@^2.0.3
2370 silly packumentCache full:https://registry.npmjs.org/is-weakset cache-miss
2371 http cache https://registry.npmjs.org/generator-function 2ms (cache hit)
2372 silly packumentCache full:https://registry.npmjs.org/generator-function set size:10401 disposed:false
2373 http cache https://registry.npmjs.org/async-function 2ms (cache hit)
2374 silly packumentCache full:https://registry.npmjs.org/async-function set size:7150 disposed:false
2375 http cache https://registry.npmjs.org/is-map 2ms (cache hit)
2376 silly packumentCache full:https://registry.npmjs.org/is-map set size:18079 disposed:false
2377 http cache https://registry.npmjs.org/is-weakmap 1ms (cache hit)
2378 silly packumentCache full:https://registry.npmjs.org/is-weakmap set size:15163 disposed:false
2379 http cache https://registry.npmjs.org/is-weakset 1ms (cache hit)
2380 silly packumentCache full:https://registry.npmjs.org/is-weakset set size:21965 disposed:false
2381 silly placeDep ROOT async-function@1.0.0 OK for: is-async-function@2.1.1 want: ^1.0.0
2382 silly placeDep ROOT generator-function@2.0.1 OK for: is-generator-function@1.1.2 want: ^2.0.0
2383 silly placeDep ROOT is-map@2.0.3 OK for: which-collection@1.0.2 want: ^2.0.3
2384 silly placeDep ROOT is-weakmap@2.0.2 OK for: which-collection@1.0.2 want: ^2.0.2
2385 silly placeDep ROOT is-weakset@2.0.4 OK for: which-collection@1.0.2 want: ^2.0.3
2386 silly placeDep node_modules/@typescript-eslint/typescript-estree brace-expansion@5.0.6 OK for: minimatch@10.2.5 want: ^5.0.5
2387 silly fetch manifest balanced-match@^4.0.2
2388 silly packumentCache full:https://registry.npmjs.org/balanced-match cache-hit
2389 silly placeDep node_modules/@typescript-eslint/typescript-estree balanced-match@4.0.4 OK for: brace-expansion@5.0.6 want: ^4.0.2
2390 silly reify moves {}
2391 silly audit bulk request {
2391 silly audit   '@tailwindcss/postcss': [ '4.3.0' ],
2391 silly audit   '@types/node': [ '20.19.41' ],
2391 silly audit   '@types/react': [ '19.2.16' ],
2391 silly audit   '@types/react-dom': [ '19.2.3' ],
2391 silly audit   eslint: [ '9.39.4' ],
2391 silly audit   'eslint-config-next': [ '16.2.7' ],
2391 silly audit   'lucide-react': [ '1.17.0' ],
2391 silly audit   react: [ '19.2.4' ],
2391 silly audit   next: [ '16.2.7' ],
2391 silly audit   'react-dom': [ '19.2.4' ],
2391 silly audit   tailwindcss: [ '4.3.0' ],
2391 silly audit   typescript: [ '5.9.3' ],
2391 silly audit   '@alloc/quick-lru': [ '5.2.0' ],
2391 silly audit   '@tailwindcss/node': [ '4.3.0' ],
2391 silly audit   '@tailwindcss/oxide': [ '4.3.0' ],
2391 silly audit   postcss: [ '8.5.15', '8.4.31' ],
2391 silly audit   '@jridgewell/remapping': [ '2.3.5' ],
2391 silly audit   'enhanced-resolve': [ '5.22.1' ],
2391 silly audit   jiti: [ '2.7.0' ],
2391 silly audit   lightningcss: [ '1.32.0' ],
2391 silly audit   'magic-string': [ '0.30.21' ],
2391 silly audit   'source-map-js': [ '1.2.1' ],
2391 silly audit   '@jridgewell/gen-mapping': [ '0.3.13' ],
2391 silly audit   '@jridgewell/trace-mapping': [ '0.3.31' ],
2391 silly audit   '@jridgewell/sourcemap-codec': [ '1.5.5' ],
2391 silly audit   '@jridgewell/resolve-uri': [ '3.1.2' ],
2391 silly audit   '@tailwindcss/oxide-android-arm64': [ '4.3.0' ],
2391 silly audit   '@tailwindcss/oxide-darwin-arm64': [ '4.3.0' ],
2391 silly audit   '@tailwindcss/oxide-darwin-x64': [ '4.3.0' ],
2391 silly audit   '@tailwindcss/oxide-freebsd-x64': [ '4.3.0' ],
2391 silly audit   '@tailwindcss/oxide-linux-arm-gnueabihf': [ '4.3.0' ],
2391 silly audit   '@tailwindcss/oxide-linux-arm64-gnu': [ '4.3.0' ],
2391 silly audit   '@tailwindcss/oxide-linux-arm64-musl': [ '4.3.0' ],
2391 silly audit   '@tailwindcss/oxide-linux-x64-gnu': [ '4.3.0' ],
2391 silly audit   '@tailwindcss/oxide-linux-x64-musl': [ '4.3.0' ],
2391 silly audit   '@tailwindcss/oxide-wasm32-wasi': [ '4.3.0' ],
2391 silly audit   '@tailwindcss/oxide-win32-arm64-msvc': [ '4.3.0' ],
2391 silly audit   '@tailwindcss/oxide-win32-x64-msvc': [ '4.3.0' ],
2391 silly audit   'undici-types': [ '6.21.0' ],
2391 silly audit   csstype: [ '3.2.3' ],
2391 silly audit   'graceful-fs': [ '4.2.11' ],
2391 silly audit   tapable: [ '2.3.3' ],
2391 silly audit   '@eslint-community/eslint-utils': [ '4.9.1' ],
2391 silly audit   '@eslint-community/regexpp': [ '4.12.2' ],
2391 silly audit   '@eslint/config-array': [ '0.21.2' ],
2391 silly audit   '@eslint/config-helpers': [ '0.4.2' ],
2391 silly audit   '@eslint/core': [ '0.17.0' ],
2391 silly audit   '@eslint/eslintrc': [ '3.3.5' ],
2391 silly audit   '@eslint/js': [ '9.39.4' ],
2391 silly audit   '@eslint/plugin-kit': [ '0.4.1' ],
2391 silly audit   '@humanfs/node': [ '0.16.8' ],
2391 silly audit   '@humanwhocodes/module-importer': [ '1.0.1' ],
2391 silly audit   '@humanwhocodes/retry': [ '0.4.3' ],
2391 silly audit   '@types/estree': [ '1.0.9' ],
2391 silly audit   ajv: [ '6.15.0' ],
2391 silly audit   chalk: [ '4.1.2' ],
2391 silly audit   'cross-spawn': [ '7.0.6' ],
2391 silly audit   debug: [ '4.4.3', '3.2.7' ],
2391 silly audit   'escape-string-regexp': [ '4.0.0' ],
2391 silly audit   'eslint-scope': [ '8.4.0' ],
2391 silly audit   'eslint-visitor-keys': [ '4.2.1', '3.4.3', '5.0.1' ],
2391 silly audit   espree: [ '10.4.0' ],
2391 silly audit   esquery: [ '1.7.0' ],
2391 silly audit   esutils: [ '2.0.3' ],
2391 silly audit   'fast-deep-equal': [ '3.1.3' ],
2391 silly audit   'file-entry-cache': [ '8.0.0' ],
2391 silly audit   'find-up': [ '5.0.0' ],
2391 silly audit   'glob-parent': [ '6.0.2', '5.1.2' ],
2391 silly audit   ignore: [ '5.3.2', '7.0.5' ],
2391 silly audit   imurmurhash: [ '0.1.4' ],
2391 silly audit   'is-glob': [ '4.0.3' ],
2391 silly audit   'json-stable-stringify-without-jsonify': [ '1.0.1' ],
2391 silly audit   'lodash.merge': [ '4.6.2' ],
2391 silly audit   minimatch: [ '3.1.5', '10.2.5' ],
2391 silly audit   'natural-compare': [ '1.4.0' ],
2391 silly audit   optionator: [ '0.9.4' ],
2391 silly audit   '@eslint/object-schema': [ '2.1.7' ],
2391 silly audit   '@types/json-schema': [ '7.0.15' ],
2391 silly audit   globals: [ '14.0.0', '16.4.0' ],
2391 silly audit   'import-fresh': [ '3.3.1' ],
2391 silly audit   'js-yaml': [ '4.2.0' ],
2391 silly audit   'strip-json-comments': [ '3.1.1' ],
2391 silly audit   levn: [ '0.4.1' ],
2391 silly audit   '@humanfs/core': [ '0.19.2' ],
2391 silly audit   '@humanfs/types': [ '0.15.0' ],
2391 silly audit   'fast-json-stable-stringify': [ '2.1.0' ],
2391 silly audit   'json-schema-traverse': [ '0.4.1' ],
2391 silly audit   'uri-js': [ '4.4.1' ],
2391 silly audit   'ansi-styles': [ '4.3.0' ],
2391 silly audit   'supports-color': [ '7.2.0' ],
2391 silly audit   'color-convert': [ '2.0.1' ],
2391 silly audit   'color-name': [ '1.1.4' ],
2391 silly audit   'path-key': [ '3.1.1' ],
2391 silly audit   'shebang-command': [ '2.0.0' ],
2391 silly audit   which: [ '2.0.2' ],
2391 silly audit   ms: [ '2.1.3' ],
2391 silly audit   '@next/eslint-plugin-next': [ '16.2.7' ],
2391 silly audit   'eslint-import-resolver-node': [ '0.3.10' ],
2391 silly audit   'eslint-import-resolver-typescript': [ '3.10.1' ],
2391 silly audit   'eslint-plugin-import': [ '2.32.0' ],
2391 silly audit   'eslint-plugin-jsx-a11y': [ '6.10.2' ],
2391 silly audit   'eslint-plugin-react': [ '7.37.5' ],
2391 silly audit   'eslint-plugin-react-hooks': [ '7.1.1' ],
2391 silly audit   'typescript-eslint': [ '8.60.1' ],
2391 silly audit   'fast-glob': [ '3.3.1' ],
2391 silly audit   'is-core-module': [ '2.16.2' ],
2391 silly audit   resolve: [ '2.0.0-next.7' ],
2391 silly audit   '@nolyfill/is-core-module': [ '1.0.39' ],
2391 silly audit   'get-tsconfig': [ '4.14.0' ],
2391 silly audit   'is-bun-module': [ '2.0.0' ],
2391 silly audit   'stable-hash': [ '0.0.5' ],
2391 silly audit   tinyglobby: [ '0.2.17' ],
2391 silly audit   'unrs-resolver': [ '1.12.2' ],
2391 silly audit   '@rtsao/scc': [ '1.1.0' ],
2391 silly audit   'array-includes': [ '3.1.9' ],
2391 silly audit   'array.prototype.findlastindex': [ '1.2.6' ],
2391 silly audit   'array.prototype.flat': [ '1.3.3' ],
2391 silly audit   'array.prototype.flatmap': [ '1.3.3' ],
2391 silly audit   doctrine: [ '2.1.0' ],
2391 silly audit   'eslint-module-utils': [ '2.13.0' ],
2391 silly audit   hasown: [ '2.0.4' ],
2391 silly audit   'object.fromentries': [ '2.0.8' ],
2391 silly audit   'object.groupby': [ '1.0.3' ],
2391 silly audit   'object.values': [ '1.2.1' ],
2391 silly audit   semver: [ '6.3.1', '7.8.1' ],
2391 silly audit   'string.prototype.trimend': [ '1.0.9' ],
2391 silly audit   'tsconfig-paths': [ '3.15.0' ],
2391 silly audit   'call-bind': [ '1.0.9' ],
2391 silly audit   'call-bound': [ '1.0.4' ],
2391 silly audit   'define-properties': [ '1.2.1' ],
2391 silly audit   'es-abstract': [ '1.24.2' ],
2391 silly audit   'es-object-atoms': [ '1.1.2' ],
2391 silly audit   'get-intrinsic': [ '1.3.0' ],
2391 silly audit   'is-string': [ '1.1.1' ],
2391 silly audit   'math-intrinsics': [ '1.1.0' ],
2391 silly audit   'es-errors': [ '1.3.0' ],
2391 silly audit   'es-shim-unscopables': [ '1.1.0' ],
2391 silly audit   'call-bind-apply-helpers': [ '1.0.2' ],
2391 silly audit   'es-define-property': [ '1.0.1' ],
2391 silly audit   'set-function-length': [ '1.2.2' ],
2391 silly audit   'function-bind': [ '1.1.2' ],
2391 silly audit   'define-data-property': [ '1.1.4' ],
2391 silly audit   'has-property-descriptors': [ '1.0.2' ],
2391 silly audit   'object-keys': [ '1.1.1' ],
2391 silly audit   gopd: [ '1.2.0' ],
2391 silly audit   'array-buffer-byte-length': [ '1.0.2' ],
2391 silly audit   'arraybuffer.prototype.slice': [ '1.0.4' ],
2391 silly audit   'available-typed-arrays': [ '1.0.7' ],
2391 silly audit   'data-view-buffer': [ '1.0.2' ],
2391 silly audit   'data-view-byte-length': [ '1.0.2' ],
2391 silly audit   'data-view-byte-offset': [ '1.0.1' ],
2391 silly audit   'es-set-tostringtag': [ '2.1.0' ],
2391 silly audit   'es-to-primitive': [ '1.3.0' ],
2391 silly audit   'function.prototype.name': [ '1.1.8' ],
2391 silly audit   'get-proto': [ '1.0.1' ],
2391 silly audit   'get-symbol-description': [ '1.1.0' ],
2391 silly audit   globalthis: [ '1.0.4' ],
2391 silly audit   'has-proto': [ '1.2.0' ],
2391 silly audit   'has-symbols': [ '1.1.0' ],
2391 silly audit   'internal-slot': [ '1.1.0' ],
2391 silly audit   'is-array-buffer': [ '3.0.5' ],
2391 silly audit   'is-callable': [ '1.2.7' ],
2391 silly audit   'is-data-view': [ '1.0.2' ],
2391 silly audit   'is-negative-zero': [ '2.0.3' ],
2391 silly audit   'is-regex': [ '1.2.1' ],
2391 silly audit   'is-set': [ '2.0.3' ],
2391 silly audit   'is-shared-array-buffer': [ '1.0.4' ],
2391 silly audit   'is-typed-array': [ '1.1.15' ],
2391 silly audit   'is-weakref': [ '1.1.1' ],
2391 silly audit   'object-inspect': [ '1.13.4' ],
2391 silly audit   'object.assign': [ '4.1.7' ],
2391 silly audit   'own-keys': [ '1.0.1' ],
2391 silly audit   'regexp.prototype.flags': [ '1.5.4' ],
2391 silly audit   'safe-array-concat': [ '1.1.4' ],
2391 silly audit   'safe-push-apply': [ '1.0.0' ],
2391 silly audit   'safe-regex-test': [ '1.1.0' ],
2391 silly audit   'set-proto': [ '1.0.0' ],
2391 silly audit   'stop-iteration-iterator': [ '1.1.0' ],
2391 silly audit   'string.prototype.trim': [ '1.2.10' ],
2391 silly audit   'string.prototype.trimstart': [ '1.0.8' ],
2391 silly audit   'typed-array-buffer': [ '1.0.3' ],
2391 silly audit   'typed-array-byte-length': [ '1.0.3' ],
2391 silly audit   'typed-array-byte-offset': [ '1.0.4' ],
2391 silly audit   'typed-array-length': [ '1.0.8' ],
2391 silly audit   'unbox-primitive': [ '1.1.0' ],
2391 silly audit   'which-typed-array': [ '1.1.21' ],
2391 silly audit   'possible-typed-array-names': [ '1.1.0' ],
2391 silly audit   'has-tostringtag': [ '1.0.2' ],
2391 silly audit   'is-date-object': [ '1.1.0' ],
2391 silly audit   'is-symbol': [ '1.1.1' ],
2391 silly audit   'aria-query': [ '5.3.2' ],
2391 silly audit   'ast-types-flow': [ '0.0.8' ],
2391 silly audit   'axe-core': [ '4.12.0' ],
2391 silly audit   'axobject-query': [ '4.1.0' ],
2391 silly audit   'damerau-levenshtein': [ '1.0.8' ],
2391 silly audit   'emoji-regex': [ '9.2.2' ],
2391 silly audit   'jsx-ast-utils': [ '3.3.5' ],
2391 silly audit   'language-tags': [ '1.0.9' ],
2391 silly audit   'string.prototype.includes': [ '2.0.1' ],
2391 silly audit   'array.prototype.findlast': [ '1.2.5' ],
2391 silly audit   'array.prototype.tosorted': [ '1.1.4' ],
2391 silly audit   'es-iterator-helpers': [ '1.3.2' ],
2391 silly audit   estraverse: [ '5.3.0' ],
2391 silly audit   'object.entries': [ '1.1.9' ],
2391 silly audit   'prop-types': [ '15.8.1' ],
2391 silly audit   'string.prototype.matchall': [ '4.0.12' ],
2391 silly audit   'string.prototype.repeat': [ '1.0.0' ],
2391 silly audit   'iterator.prototype': [ '1.1.5' ],
2391 silly audit   '@babel/core': [ '7.29.7' ],
2391 silly audit   '@babel/parser': [ '7.29.7' ],
2391 silly audit   'hermes-parser': [ '0.25.1' ],
2391 silly audit   zod: [ '4.4.3' ],
2391 silly audit   'zod-validation-error': [ '4.0.2' ],
2391 silly audit   '@babel/code-frame': [ '7.29.7' ],
2391 silly audit   '@babel/generator': [ '7.29.7' ],
2391 silly audit   '@babel/helper-compilation-targets': [ '7.29.7' ],
2391 silly audit   '@babel/helper-module-transforms': [ '7.29.7' ],
2391 silly audit   '@babel/helpers': [ '7.29.7' ],
2391 silly audit   '@babel/template': [ '7.29.7' ],
2391 silly audit   '@babel/traverse': [ '7.29.7' ],
2391 silly audit   '@babel/types': [ '7.29.7' ],
2391 silly audit   'convert-source-map': [ '2.0.0' ],
2391 silly audit   gensync: [ '1.0.0-beta.2' ],
2391 silly audit   json5: [ '2.2.3', '1.0.2' ],
2391 silly audit   '@babel/helper-validator-identifier': [ '7.29.7' ],
2391 silly audit   'js-tokens': [ '4.0.0' ],
2391 silly audit   picocolors: [ '1.1.1' ],
2391 silly audit   jsesc: [ '3.1.0' ],
2391 silly audit   '@babel/compat-data': [ '7.29.7' ],
2391 silly audit   '@babel/helper-validator-option': [ '7.29.7' ],
2391 silly audit   browserslist: [ '4.28.2' ],
2391 silly audit   'lru-cache': [ '5.1.1' ],
2391 silly audit   '@babel/helper-module-imports': [ '7.29.7' ],
2391 silly audit   '@babel/helper-globals': [ '7.29.7' ],
2391 silly audit   '@babel/helper-string-parser': [ '7.29.7' ],
2391 silly audit   'baseline-browser-mapping': [ '2.10.33' ],
2391 silly audit   'caniuse-lite': [ '1.0.30001793' ],
2391 silly audit   'electron-to-chromium': [ '1.5.365' ],
2391 silly audit   'node-releases': [ '2.0.47' ],
2391 silly audit   'update-browserslist-db': [ '1.2.3' ],
2391 silly audit   esrecurse: [ '4.3.0' ],
2391 silly audit   acorn: [ '8.16.0' ],
2391 silly audit   'acorn-jsx': [ '5.3.2' ],
2391 silly audit   '@nodelib/fs.stat': [ '2.0.5' ],
2391 silly audit   '@nodelib/fs.walk': [ '1.2.8' ],
2391 silly audit   merge2: [ '1.4.1' ],
2391 silly audit   micromatch: [ '4.0.8' ],
2391 silly audit   '@nodelib/fs.scandir': [ '2.1.5' ],
2391 silly audit   fastq: [ '1.20.1' ],
2391 silly audit   'run-parallel': [ '1.2.0' ],
2391 silly audit   reusify: [ '1.1.0' ],
2391 silly audit   'flat-cache': [ '4.0.1' ],
2391 silly audit   'locate-path': [ '6.0.0' ],
2391 silly audit   'path-exists': [ '4.0.0' ],
2391 silly audit   flatted: [ '3.4.2' ],
2391 silly audit   keyv: [ '4.5.4' ],
2391 silly audit   'functions-have-names': [ '1.2.3' ],
2391 silly audit   'dunder-proto': [ '1.0.1' ],
2391 silly audit   'resolve-pkg-maps': [ '1.0.0' ],
2391 silly audit   'hermes-estree': [ '0.25.1' ],
2391 silly audit   'parent-module': [ '1.0.1' ],
2391 silly audit   'resolve-from': [ '4.0.0' ],
2391 silly audit   'side-channel': [ '1.1.0' ],
2391 silly audit   'is-extglob': [ '2.1.1' ],
2391 silly audit   'set-function-name': [ '2.0.2' ],
2391 silly audit   argparse: [ '2.0.1' ],
2391 silly audit   'json-buffer': [ '3.0.1' ],
2391 silly audit   'language-subtag-registry': [ '0.3.23' ],
2391 silly audit   'prelude-ls': [ '1.2.1' ],
2391 silly audit   'type-check': [ '0.4.0' ],
2391 silly audit   'detect-libc': [ '2.1.2' ],
2391 silly audit   'lightningcss-android-arm64': [ '1.32.0' ],
2391 silly audit   'lightningcss-darwin-arm64': [ '1.32.0' ],
2391 silly audit   'lightningcss-darwin-x64': [ '1.32.0' ],
2391 silly audit   'lightningcss-freebsd-x64': [ '1.32.0' ],
2391 silly audit   'lightningcss-linux-arm-gnueabihf': [ '1.32.0' ],
2391 silly audit   'lightningcss-linux-arm64-gnu': [ '1.32.0' ],
2391 silly audit   'lightningcss-linux-arm64-musl': [ '1.32.0' ],
2391 silly audit   'lightningcss-linux-x64-gnu': [ '1.32.0' ],
2391 silly audit   'lightningcss-linux-x64-musl': [ '1.32.0' ],
2391 silly audit   'lightningcss-win32-arm64-msvc': [ '1.32.0' ],
2391 silly audit   'lightningcss-win32-x64-msvc': [ '1.32.0' ],
2391 silly audit   'p-locate': [ '5.0.0' ],
2391 silly audit   yallist: [ '3.1.1' ],
2391 silly audit   braces: [ '3.0.3' ],
2391 silly audit   picomatch: [ '2.3.2', '4.0.4' ],
2391 silly audit   'fill-range': [ '7.1.1' ],
2391 silly audit   'to-regex-range': [ '5.0.1' ],
2391 silly audit   'brace-expansion': [ '1.1.15', '5.0.6' ],
2391 silly audit   'balanced-match': [ '1.0.2', '4.0.4' ],
2391 silly audit   'concat-map': [ '0.0.1' ],
2391 silly audit   '@next/env': [ '16.2.7' ],
2391 silly audit   '@next/swc-darwin-arm64': [ '16.2.7' ],
2391 silly audit   '@next/swc-darwin-x64': [ '16.2.7' ],
2391 silly audit   '@next/swc-linux-arm64-gnu': [ '16.2.7' ],
2391 silly audit   '@next/swc-linux-arm64-musl': [ '16.2.7' ],
2391 silly audit   '@next/swc-linux-x64-gnu': [ '16.2.7' ],
2391 silly audit   '@next/swc-linux-x64-musl': [ '16.2.7' ],
2391 silly audit   '@next/swc-win32-arm64-msvc': [ '16.2.7' ],
2391 silly audit   '@next/swc-win32-x64-msvc': [ '16.2.7' ],
2391 silly audit   '@swc/helpers': [ '0.5.15' ],
2391 silly audit   sharp: [ '0.34.5' ],
2391 silly audit   'styled-jsx': [ '5.1.6' ],
2391 silly audit   tslib: [ '2.8.1' ],
2391 silly audit   'deep-is': [ '0.1.4' ],
2391 silly audit   'fast-levenshtein': [ '2.0.6' ],
2391 silly audit   'word-wrap': [ '1.2.5' ],
2391 silly audit   'p-limit': [ '3.1.0' ],
2391 silly audit   'yocto-queue': [ '0.1.0' ],
2391 silly audit   callsites: [ '3.1.0' ],
2391 silly audit   nanoid: [ '3.3.12' ],
2391 silly audit   'loose-envify': [ '1.4.0' ],
2391 silly audit   'object-assign': [ '4.1.1' ],
2391 silly audit   'react-is': [ '16.13.1' ],
2391 silly audit   scheduler: [ '0.27.0' ],
2391 silly audit   'node-exports-info': [ '1.6.0' ],
2391 silly audit   'path-parse': [ '1.0.7' ],
2391 silly audit   'supports-preserve-symlinks-flag': [ '1.0.0' ],
2391 silly audit   'queue-microtask': [ '1.2.3' ],
2391 silly audit   isarray: [ '2.0.5' ],
2391 silly audit   '@img/colour': [ '1.1.0' ],
2391 silly audit   '@img/sharp-darwin-arm64': [ '0.34.5' ],
2391 silly audit   '@img/sharp-darwin-x64': [ '0.34.5' ],
2391 silly audit   '@img/sharp-libvips-darwin-arm64': [ '1.2.4' ],
2391 silly audit   '@img/sharp-libvips-darwin-x64': [ '1.2.4' ],
2391 silly audit   '@img/sharp-libvips-linux-arm': [ '1.2.4' ],
2391 silly audit   '@img/sharp-libvips-linux-arm64': [ '1.2.4' ],
2391 silly audit   '@img/sharp-libvips-linux-ppc64': [ '1.2.4' ],
2391 silly audit   '@img/sharp-libvips-linux-riscv64': [ '1.2.4' ],
2391 silly audit   '@img/sharp-libvips-linux-s390x': [ '1.2.4' ],
2391 silly audit   '@img/sharp-libvips-linux-x64': [ '1.2.4' ],
2391 silly audit   '@img/sharp-libvips-linuxmusl-arm64': [ '1.2.4' ],
2391 silly audit   '@img/sharp-libvips-linuxmusl-x64': [ '1.2.4' ],
2391 silly audit   '@img/sharp-linux-arm': [ '0.34.5' ],
2391 silly audit   '@img/sharp-linux-arm64': [ '0.34.5' ],
2391 silly audit   '@img/sharp-linux-ppc64': [ '0.34.5' ],
2391 silly audit   '@img/sharp-linux-riscv64': [ '0.34.5' ],
2391 silly audit   '@img/sharp-linux-s390x': [ '0.34.5' ],
2391 silly audit   '@img/sharp-linux-x64': [ '0.34.5' ],
2391 silly audit   '@img/sharp-linuxmusl-arm64': [ '0.34.5' ],
2391 silly audit   '@img/sharp-linuxmusl-x64': [ '0.34.5' ],
2391 silly audit   '@img/sharp-wasm32': [ '0.34.5' ],
2391 silly audit   '@img/sharp-win32-arm64': [ '0.34.5' ],
2391 silly audit   '@img/sharp-win32-ia32': [ '0.34.5' ],
2391 silly audit   '@img/sharp-win32-x64': [ '0.34.5' ],
2391 silly audit   '@emnapi/runtime': [ '1.10.0' ],
2391 silly audit   'shebang-regex': [ '3.0.0' ],
2391 silly audit   'side-channel-list': [ '1.0.1' ],
2391 silly audit   'side-channel-map': [ '1.0.1' ],
2391 silly audit   'side-channel-weakmap': [ '1.0.2' ],
2391 silly audit   'client-only': [ '0.0.1' ],
2391 silly audit   'has-flag': [ '4.0.0' ],
2391 silly audit   fdir: [ '6.5.0' ],
2391 silly audit   'is-number': [ '7.0.0' ],
2391 silly audit   '@types/json5': [ '0.0.29' ],
2391 silly audit   minimist: [ '1.2.8' ],
2391 silly audit   'strip-bom': [ '3.0.0' ],
2391 silly audit   'for-each': [ '0.3.5' ],
2391 silly audit   'reflect.getprototypeof': [ '1.0.10' ],
2391 silly audit   'which-builtin-type': [ '1.2.1' ],
2391 silly audit   '@typescript-eslint/eslint-plugin': [ '8.60.1' ],
2391 silly audit   '@typescript-eslint/parser': [ '8.60.1' ],
2391 silly audit   '@typescript-eslint/typescript-estree': [ '8.60.1' ],
2391 silly audit   '@typescript-eslint/utils': [ '8.60.1' ],
2391 silly audit   '@typescript-eslint/scope-manager': [ '8.60.1' ],
2391 silly audit   '@typescript-eslint/type-utils': [ '8.60.1' ],
2391 silly audit   '@typescript-eslint/visitor-keys': [ '8.60.1' ],
2391 silly audit   'ts-api-utils': [ '2.5.0' ],
2391 silly audit   '@typescript-eslint/types': [ '8.60.1' ],
2391 silly audit   '@typescript-eslint/project-service': [ '8.60.1' ],
2391 silly audit   '@typescript-eslint/tsconfig-utils': [ '8.60.1' ],
2391 silly audit   'has-bigints': [ '1.1.0' ],
2391 silly audit   'which-boxed-primitive': [ '1.1.1' ],
2391 silly audit   '@unrs/resolver-binding-android-arm-eabi': [ '1.12.2' ],
2391 silly audit   '@unrs/resolver-binding-android-arm64': [ '1.12.2' ],
2391 silly audit   '@unrs/resolver-binding-darwin-arm64': [ '1.12.2' ],
2391 silly audit   '@unrs/resolver-binding-darwin-x64': [ '1.12.2' ],
2391 silly audit   '@unrs/resolver-binding-freebsd-x64': [ '1.12.2' ],
2391 silly audit   '@unrs/resolver-binding-linux-arm-gnueabihf': [ '1.12.2' ],
2391 silly audit   '@unrs/resolver-binding-linux-arm-musleabihf': [ '1.12.2' ],
2391 silly audit   '@unrs/resolver-binding-linux-arm64-gnu': [ '1.12.2' ],
2391 silly audit   '@unrs/resolver-binding-linux-arm64-musl': [ '1.12.2' ],
2391 silly audit   '@unrs/resolver-binding-linux-loong64-gnu': [ '1.12.2' ],
2391 silly audit   '@unrs/resolver-binding-linux-loong64-musl': [ '1.12.2' ],
2391 silly audit   '@unrs/resolver-binding-linux-ppc64-gnu': [ '1.12.2' ],
2391 silly audit   '@unrs/resolver-binding-linux-riscv64-gnu': [ '1.12.2' ],
2391 silly audit   '@unrs/resolver-binding-linux-riscv64-musl': [ '1.12.2' ],
2391 silly audit   '@unrs/resolver-binding-linux-s390x-gnu': [ '1.12.2' ],
2391 silly audit   '@unrs/resolver-binding-linux-x64-gnu': [ '1.12.2' ],
2391 silly audit   '@unrs/resolver-binding-linux-x64-musl': [ '1.12.2' ],
2391 silly audit   '@unrs/resolver-binding-openharmony-arm64': [ '1.12.2' ],
2391 silly audit   '@unrs/resolver-binding-wasm32-wasi': [ '1.12.2' ],
2391 silly audit   '@unrs/resolver-binding-win32-arm64-msvc': [ '1.12.2' ],
2391 silly audit   '@unrs/resolver-binding-win32-ia32-msvc': [ '1.12.2' ],
2391 silly audit   '@unrs/resolver-binding-win32-x64-msvc': [ '1.12.2' ],
2391 silly audit   'napi-postinstall': [ '0.3.4' ],
2391 silly audit   '@emnapi/core': [ '1.10.0' ],
2391 silly audit   '@napi-rs/wasm-runtime': [ '1.1.4' ],
2391 silly audit   '@emnapi/wasi-threads': [ '1.2.1' ],
2391 silly audit   '@tybys/wasm-util': [ '0.10.2' ],
2391 silly audit   escalade: [ '3.2.0' ],
2391 silly audit   punycode: [ '2.3.1' ],
2391 silly audit   isexe: [ '2.0.0' ],
2391 silly audit   'is-bigint': [ '1.1.0' ],
2391 silly audit   'is-boolean-object': [ '1.2.2' ],
2391 silly audit   'is-number-object': [ '1.1.1' ],
2391 silly audit   'is-async-function': [ '2.1.1' ],
2391 silly audit   'is-finalizationregistry': [ '1.1.1' ],
2391 silly audit   'is-generator-function': [ '1.1.2' ],
2391 silly audit   'which-collection': [ '1.0.2' ],
2391 silly audit   'async-function': [ '1.0.0' ],
2391 silly audit   'generator-function': [ '2.0.1' ],
2391 silly audit   'is-map': [ '2.0.3' ],
2391 silly audit   'is-weakmap': [ '2.0.2' ],
2391 silly audit   'is-weakset': [ '2.0.4' ]
2391 silly audit }
2392 http cache is-weakset@https://registry.npmjs.org/is-weakset/-/is-weakset-2.0.4.tgz 0ms (cache hit)
2393 http cache is-weakmap@https://registry.npmjs.org/is-weakmap/-/is-weakmap-2.0.2.tgz 0ms (cache hit)
2394 http cache is-map@https://registry.npmjs.org/is-map/-/is-map-2.0.3.tgz 0ms (cache hit)
2395 http cache generator-function@https://registry.npmjs.org/generator-function/-/generator-function-2.0.1.tgz 0ms (cache hit)
2396 http cache async-function@https://registry.npmjs.org/async-function/-/async-function-1.0.0.tgz 0ms (cache hit)
2397 http cache which-collection@https://registry.npmjs.org/which-collection/-/which-collection-1.0.2.tgz 0ms (cache hit)
2398 http cache is-generator-function@https://registry.npmjs.org/is-generator-function/-/is-generator-function-1.1.2.tgz 0ms (cache hit)
2399 http cache is-async-function@https://registry.npmjs.org/is-async-function/-/is-async-function-2.1.1.tgz 0ms (cache hit)
2400 http cache is-number-object@https://registry.npmjs.org/is-number-object/-/is-number-object-1.1.1.tgz 0ms (cache hit)
2401 http cache is-boolean-object@https://registry.npmjs.org/is-boolean-object/-/is-boolean-object-1.2.2.tgz 0ms (cache hit)
2402 http cache is-bigint@https://registry.npmjs.org/is-bigint/-/is-bigint-1.1.0.tgz 0ms (cache hit)
2403 http cache isexe@https://registry.npmjs.org/isexe/-/isexe-2.0.0.tgz 0ms (cache hit)
2404 http cache punycode@https://registry.npmjs.org/punycode/-/punycode-2.3.1.tgz 0ms (cache hit)
2405 http cache escalade@https://registry.npmjs.org/escalade/-/escalade-3.2.0.tgz 0ms (cache hit)
2406 http cache napi-postinstall@https://registry.npmjs.org/napi-postinstall/-/napi-postinstall-0.3.4.tgz 0ms (cache hit)
2407 http cache @unrs/resolver-binding-darwin-arm64@https://registry.npmjs.org/@unrs/resolver-binding-darwin-arm64/-/resolver-binding-darwin-arm64-1.12.2.tgz 0ms (cache hit)
2408 http cache which-boxed-primitive@https://registry.npmjs.org/which-boxed-primitive/-/which-boxed-primitive-1.1.1.tgz 0ms (cache hit)
2409 http cache has-bigints@https://registry.npmjs.org/has-bigints/-/has-bigints-1.1.0.tgz 0ms (cache hit)
2410 http cache @typescript-eslint/tsconfig-utils@https://registry.npmjs.org/@typescript-eslint/tsconfig-utils/-/tsconfig-utils-8.60.1.tgz 0ms (cache hit)
2411 http cache @typescript-eslint/project-service@https://registry.npmjs.org/@typescript-eslint/project-service/-/project-service-8.60.1.tgz 0ms (cache hit)
2412 http cache @typescript-eslint/types@https://registry.npmjs.org/@typescript-eslint/types/-/types-8.60.1.tgz 0ms (cache hit)
2413 http cache is-finalizationregistry@https://registry.npmjs.org/is-finalizationregistry/-/is-finalizationregistry-1.1.1.tgz 0ms (cache hit)
2414 http cache ts-api-utils@https://registry.npmjs.org/ts-api-utils/-/ts-api-utils-2.5.0.tgz 0ms (cache hit)
2415 http cache @typescript-eslint/visitor-keys@https://registry.npmjs.org/@typescript-eslint/visitor-keys/-/visitor-keys-8.60.1.tgz 0ms (cache hit)
2416 http cache @typescript-eslint/utils@https://registry.npmjs.org/@typescript-eslint/utils/-/utils-8.60.1.tgz 0ms (cache hit)
2417 http cache @typescript-eslint/typescript-estree@https://registry.npmjs.org/@typescript-eslint/typescript-estree/-/typescript-estree-8.60.1.tgz 0ms (cache hit)
2418 http cache @typescript-eslint/scope-manager@https://registry.npmjs.org/@typescript-eslint/scope-manager/-/scope-manager-8.60.1.tgz 0ms (cache hit)
2419 http cache @typescript-eslint/type-utils@https://registry.npmjs.org/@typescript-eslint/type-utils/-/type-utils-8.60.1.tgz 0ms (cache hit)
2420 http cache @typescript-eslint/eslint-plugin@https://registry.npmjs.org/@typescript-eslint/eslint-plugin/-/eslint-plugin-8.60.1.tgz 0ms (cache hit)
2421 http cache which-builtin-type@https://registry.npmjs.org/which-builtin-type/-/which-builtin-type-1.2.1.tgz 0ms (cache hit)
2422 http cache @typescript-eslint/parser@https://registry.npmjs.org/@typescript-eslint/parser/-/parser-8.60.1.tgz 0ms (cache hit)
2423 http cache for-each@https://registry.npmjs.org/for-each/-/for-each-0.3.5.tgz 0ms (cache hit)
2424 http cache reflect.getprototypeof@https://registry.npmjs.org/reflect.getprototypeof/-/reflect.getprototypeof-1.0.10.tgz 0ms (cache hit)
2425 http cache minimist@https://registry.npmjs.org/minimist/-/minimist-1.2.8.tgz 0ms (cache hit)
2426 http cache @types/json5@https://registry.npmjs.org/@types/json5/-/json5-0.0.29.tgz 0ms (cache hit)
2427 http cache is-number@https://registry.npmjs.org/is-number/-/is-number-7.0.0.tgz 0ms (cache hit)
2428 http cache client-only@https://registry.npmjs.org/client-only/-/client-only-0.0.1.tgz 0ms (cache hit)
2429 http cache has-flag@https://registry.npmjs.org/has-flag/-/has-flag-4.0.0.tgz 0ms (cache hit)
2430 http cache side-channel-weakmap@https://registry.npmjs.org/side-channel-weakmap/-/side-channel-weakmap-1.0.2.tgz 0ms (cache hit)
2431 http cache strip-bom@https://registry.npmjs.org/strip-bom/-/strip-bom-3.0.0.tgz 0ms (cache hit)
2432 http cache shebang-regex@https://registry.npmjs.org/shebang-regex/-/shebang-regex-3.0.0.tgz 0ms (cache hit)
2433 http cache @img/sharp-libvips-darwin-arm64@https://registry.npmjs.org/@img/sharp-libvips-darwin-arm64/-/sharp-libvips-darwin-arm64-1.2.4.tgz 0ms (cache hit)
2434 http cache @img/sharp-darwin-arm64@https://registry.npmjs.org/@img/sharp-darwin-arm64/-/sharp-darwin-arm64-0.34.5.tgz 0ms (cache hit)
2435 http cache @img/colour@https://registry.npmjs.org/@img/colour/-/colour-1.1.0.tgz 0ms (cache hit)
2436 http cache isarray@https://registry.npmjs.org/isarray/-/isarray-2.0.5.tgz 0ms (cache hit)
2437 http cache queue-microtask@https://registry.npmjs.org/queue-microtask/-/queue-microtask-1.2.3.tgz 0ms (cache hit)
2438 http cache supports-preserve-symlinks-flag@https://registry.npmjs.org/supports-preserve-symlinks-flag/-/supports-preserve-symlinks-flag-1.0.0.tgz 0ms (cache hit)
2439 http cache path-parse@https://registry.npmjs.org/path-parse/-/path-parse-1.0.7.tgz 0ms (cache hit)
2440 http cache node-exports-info@https://registry.npmjs.org/node-exports-info/-/node-exports-info-1.6.0.tgz 0ms (cache hit)
2441 http cache scheduler@https://registry.npmjs.org/scheduler/-/scheduler-0.27.0.tgz 0ms (cache hit)
2442 http cache react-is@https://registry.npmjs.org/react-is/-/react-is-16.13.1.tgz 0ms (cache hit)
2443 http cache object-assign@https://registry.npmjs.org/object-assign/-/object-assign-4.1.1.tgz 0ms (cache hit)
2444 http cache loose-envify@https://registry.npmjs.org/loose-envify/-/loose-envify-1.4.0.tgz 0ms (cache hit)
2445 http cache nanoid@https://registry.npmjs.org/nanoid/-/nanoid-3.3.12.tgz 0ms (cache hit)
2446 http cache callsites@https://registry.npmjs.org/callsites/-/callsites-3.1.0.tgz 0ms (cache hit)
2447 http cache yocto-queue@https://registry.npmjs.org/yocto-queue/-/yocto-queue-0.1.0.tgz 0ms (cache hit)
2448 http cache side-channel-map@https://registry.npmjs.org/side-channel-map/-/side-channel-map-1.0.1.tgz 0ms (cache hit)
2449 http cache p-limit@https://registry.npmjs.org/p-limit/-/p-limit-3.1.0.tgz 0ms (cache hit)
2450 http cache word-wrap@https://registry.npmjs.org/word-wrap/-/word-wrap-1.2.5.tgz 0ms (cache hit)
2451 http cache deep-is@https://registry.npmjs.org/deep-is/-/deep-is-0.1.4.tgz 0ms (cache hit)
2452 http cache tslib@https://registry.npmjs.org/tslib/-/tslib-2.8.1.tgz 0ms (cache hit)
2453 http cache fast-levenshtein@https://registry.npmjs.org/fast-levenshtein/-/fast-levenshtein-2.0.6.tgz 0ms (cache hit)
2454 http cache styled-jsx@https://registry.npmjs.org/styled-jsx/-/styled-jsx-5.1.6.tgz 0ms (cache hit)
2455 http cache sharp@https://registry.npmjs.org/sharp/-/sharp-0.34.5.tgz 0ms (cache hit)
2456 http cache @next/swc-darwin-arm64@https://registry.npmjs.org/@next/swc-darwin-arm64/-/swc-darwin-arm64-16.2.7.tgz 0ms (cache hit)
2457 http cache @swc/helpers@https://registry.npmjs.org/@swc/helpers/-/helpers-0.5.15.tgz 0ms (cache hit)
2458 http cache concat-map@https://registry.npmjs.org/concat-map/-/concat-map-0.0.1.tgz 0ms (cache hit)
2459 http cache @next/env@https://registry.npmjs.org/@next/env/-/env-16.2.7.tgz 0ms (cache hit)
2460 http cache side-channel-list@https://registry.npmjs.org/side-channel-list/-/side-channel-list-1.0.1.tgz 0ms (cache hit)
2461 http cache brace-expansion@https://registry.npmjs.org/brace-expansion/-/brace-expansion-1.1.15.tgz 0ms (cache hit)
2462 http cache fill-range@https://registry.npmjs.org/fill-range/-/fill-range-7.1.1.tgz 0ms (cache hit)
2463 http cache picomatch@https://registry.npmjs.org/picomatch/-/picomatch-2.3.2.tgz 0ms (cache hit)
2464 http cache balanced-match@https://registry.npmjs.org/balanced-match/-/balanced-match-1.0.2.tgz 0ms (cache hit)
2465 http cache braces@https://registry.npmjs.org/braces/-/braces-3.0.3.tgz 0ms (cache hit)
2466 http cache yallist@https://registry.npmjs.org/yallist/-/yallist-3.1.1.tgz 0ms (cache hit)
2467 http cache p-locate@https://registry.npmjs.org/p-locate/-/p-locate-5.0.0.tgz 0ms (cache hit)
2468 http cache detect-libc@https://registry.npmjs.org/detect-libc/-/detect-libc-2.1.2.tgz 0ms (cache hit)
2469 http cache lightningcss-darwin-arm64@https://registry.npmjs.org/lightningcss-darwin-arm64/-/lightningcss-darwin-arm64-1.32.0.tgz 0ms (cache hit)
2470 http cache type-check@https://registry.npmjs.org/type-check/-/type-check-0.4.0.tgz 0ms (cache hit)
2471 http cache prelude-ls@https://registry.npmjs.org/prelude-ls/-/prelude-ls-1.2.1.tgz 0ms (cache hit)
2472 http cache language-subtag-registry@https://registry.npmjs.org/language-subtag-registry/-/language-subtag-registry-0.3.23.tgz 0ms (cache hit)
2473 http cache json-buffer@https://registry.npmjs.org/json-buffer/-/json-buffer-3.0.1.tgz 0ms (cache hit)
2474 http cache argparse@https://registry.npmjs.org/argparse/-/argparse-2.0.1.tgz 0ms (cache hit)
2475 http cache set-function-name@https://registry.npmjs.org/set-function-name/-/set-function-name-2.0.2.tgz 0ms (cache hit)
2476 http cache is-extglob@https://registry.npmjs.org/is-extglob/-/is-extglob-2.1.1.tgz 0ms (cache hit)
2477 http cache side-channel@https://registry.npmjs.org/side-channel/-/side-channel-1.1.0.tgz 0ms (cache hit)
2478 http cache to-regex-range@https://registry.npmjs.org/to-regex-range/-/to-regex-range-5.0.1.tgz 0ms (cache hit)
2479 http cache resolve-from@https://registry.npmjs.org/resolve-from/-/resolve-from-4.0.0.tgz 0ms (cache hit)
2480 http cache parent-module@https://registry.npmjs.org/parent-module/-/parent-module-1.0.1.tgz 0ms (cache hit)
2481 http cache hermes-estree@https://registry.npmjs.org/hermes-estree/-/hermes-estree-0.25.1.tgz 0ms (cache hit)
2482 http cache resolve-pkg-maps@https://registry.npmjs.org/resolve-pkg-maps/-/resolve-pkg-maps-1.0.0.tgz 0ms (cache hit)
2483 http cache dunder-proto@https://registry.npmjs.org/dunder-proto/-/dunder-proto-1.0.1.tgz 0ms (cache hit)
2484 http cache functions-have-names@https://registry.npmjs.org/functions-have-names/-/functions-have-names-1.2.3.tgz 0ms (cache hit)
2485 http cache keyv@https://registry.npmjs.org/keyv/-/keyv-4.5.4.tgz 0ms (cache hit)
2486 http cache flatted@https://registry.npmjs.org/flatted/-/flatted-3.4.2.tgz 0ms (cache hit)
2487 http cache path-exists@https://registry.npmjs.org/path-exists/-/path-exists-4.0.0.tgz 0ms (cache hit)
2488 http cache locate-path@https://registry.npmjs.org/locate-path/-/locate-path-6.0.0.tgz 0ms (cache hit)
2489 http cache flat-cache@https://registry.npmjs.org/flat-cache/-/flat-cache-4.0.1.tgz 0ms (cache hit)
2490 http cache reusify@https://registry.npmjs.org/reusify/-/reusify-1.1.0.tgz 0ms (cache hit)
2491 http cache run-parallel@https://registry.npmjs.org/run-parallel/-/run-parallel-1.2.0.tgz 0ms (cache hit)
2492 http cache fastq@https://registry.npmjs.org/fastq/-/fastq-1.20.1.tgz 0ms (cache hit)
2493 http cache micromatch@https://registry.npmjs.org/micromatch/-/micromatch-4.0.8.tgz 0ms (cache hit)
2494 http cache merge2@https://registry.npmjs.org/merge2/-/merge2-1.4.1.tgz 0ms (cache hit)
2495 http cache @nodelib/fs.stat@https://registry.npmjs.org/@nodelib/fs.stat/-/fs.stat-2.0.5.tgz 0ms (cache hit)
2496 http cache @nodelib/fs.walk@https://registry.npmjs.org/@nodelib/fs.walk/-/fs.walk-1.2.8.tgz 0ms (cache hit)
2497 http cache @nodelib/fs.scandir@https://registry.npmjs.org/@nodelib/fs.scandir/-/fs.scandir-2.1.5.tgz 0ms (cache hit)
2498 http cache acorn@https://registry.npmjs.org/acorn/-/acorn-8.16.0.tgz 0ms (cache hit)
2499 http cache update-browserslist-db@https://registry.npmjs.org/update-browserslist-db/-/update-browserslist-db-1.2.3.tgz 0ms (cache hit)
2500 http cache acorn-jsx@https://registry.npmjs.org/acorn-jsx/-/acorn-jsx-5.3.2.tgz 0ms (cache hit)
2501 http cache node-releases@https://registry.npmjs.org/node-releases/-/node-releases-2.0.47.tgz 0ms (cache hit)
2502 http cache esrecurse@https://registry.npmjs.org/esrecurse/-/esrecurse-4.3.0.tgz 0ms (cache hit)
2503 http cache baseline-browser-mapping@https://registry.npmjs.org/baseline-browser-mapping/-/baseline-browser-mapping-2.10.33.tgz 0ms (cache hit)
2504 http cache caniuse-lite@https://registry.npmjs.org/caniuse-lite/-/caniuse-lite-1.0.30001793.tgz 0ms (cache hit)
2505 http cache electron-to-chromium@https://registry.npmjs.org/electron-to-chromium/-/electron-to-chromium-1.5.365.tgz 0ms (cache hit)
2506 http cache @babel/helper-globals@https://registry.npmjs.org/@babel/helper-globals/-/helper-globals-7.29.7.tgz 0ms (cache hit)
2507 http cache @babel/helper-module-imports@https://registry.npmjs.org/@babel/helper-module-imports/-/helper-module-imports-7.29.7.tgz 0ms (cache hit)
2508 http cache lru-cache@https://registry.npmjs.org/lru-cache/-/lru-cache-5.1.1.tgz 0ms (cache hit)
2509 http cache browserslist@https://registry.npmjs.org/browserslist/-/browserslist-4.28.2.tgz 0ms (cache hit)
2510 http cache @babel/helper-string-parser@https://registry.npmjs.org/@babel/helper-string-parser/-/helper-string-parser-7.29.7.tgz 0ms (cache hit)
2511 http cache @babel/compat-data@https://registry.npmjs.org/@babel/compat-data/-/compat-data-7.29.7.tgz 0ms (cache hit)
2512 http cache jsesc@https://registry.npmjs.org/jsesc/-/jsesc-3.1.0.tgz 0ms (cache hit)
2513 http cache picocolors@https://registry.npmjs.org/picocolors/-/picocolors-1.1.1.tgz 0ms (cache hit)
2514 http cache js-tokens@https://registry.npmjs.org/js-tokens/-/js-tokens-4.0.0.tgz 0ms (cache hit)
2515 http cache @babel/helper-validator-identifier@https://registry.npmjs.org/@babel/helper-validator-identifier/-/helper-validator-identifier-7.29.7.tgz 0ms (cache hit)
2516 http cache @babel/helper-validator-option@https://registry.npmjs.org/@babel/helper-validator-option/-/helper-validator-option-7.29.7.tgz 0ms (cache hit)
2517 http cache json5@https://registry.npmjs.org/json5/-/json5-2.2.3.tgz 0ms (cache hit)
2518 http cache gensync@https://registry.npmjs.org/gensync/-/gensync-1.0.0-beta.2.tgz 0ms (cache hit)
2519 http cache convert-source-map@https://registry.npmjs.org/convert-source-map/-/convert-source-map-2.0.0.tgz 0ms (cache hit)
2520 http cache @babel/types@https://registry.npmjs.org/@babel/types/-/types-7.29.7.tgz 0ms (cache hit)
2521 http cache @babel/traverse@https://registry.npmjs.org/@babel/traverse/-/traverse-7.29.7.tgz 0ms (cache hit)
2522 http cache @babel/template@https://registry.npmjs.org/@babel/template/-/template-7.29.7.tgz 0ms (cache hit)
2523 http cache @babel/helpers@https://registry.npmjs.org/@babel/helpers/-/helpers-7.29.7.tgz 0ms (cache hit)
2524 http cache @babel/helper-module-transforms@https://registry.npmjs.org/@babel/helper-module-transforms/-/helper-module-transforms-7.29.7.tgz 0ms (cache hit)
2525 http cache @babel/helper-compilation-targets@https://registry.npmjs.org/@babel/helper-compilation-targets/-/helper-compilation-targets-7.29.7.tgz 0ms (cache hit)
2526 http cache @babel/generator@https://registry.npmjs.org/@babel/generator/-/generator-7.29.7.tgz 0ms (cache hit)
2527 http cache @babel/code-frame@https://registry.npmjs.org/@babel/code-frame/-/code-frame-7.29.7.tgz 0ms (cache hit)
2528 http cache zod-validation-error@https://registry.npmjs.org/zod-validation-error/-/zod-validation-error-4.0.2.tgz 0ms (cache hit)
2529 http cache zod@https://registry.npmjs.org/zod/-/zod-4.4.3.tgz 0ms (cache hit)
2530 http cache hermes-parser@https://registry.npmjs.org/hermes-parser/-/hermes-parser-0.25.1.tgz 0ms (cache hit)
2531 http cache @babel/core@https://registry.npmjs.org/@babel/core/-/core-7.29.7.tgz 0ms (cache hit)
2532 http cache iterator.prototype@https://registry.npmjs.org/iterator.prototype/-/iterator.prototype-1.1.5.tgz 0ms (cache hit)
2533 http cache string.prototype.repeat@https://registry.npmjs.org/string.prototype.repeat/-/string.prototype.repeat-1.0.0.tgz 0ms (cache hit)
2534 http cache string.prototype.matchall@https://registry.npmjs.org/string.prototype.matchall/-/string.prototype.matchall-4.0.12.tgz 0ms (cache hit)
2535 http cache object.entries@https://registry.npmjs.org/object.entries/-/object.entries-1.1.9.tgz 0ms (cache hit)
2536 http cache prop-types@https://registry.npmjs.org/prop-types/-/prop-types-15.8.1.tgz 0ms (cache hit)
2537 http cache estraverse@https://registry.npmjs.org/estraverse/-/estraverse-5.3.0.tgz 0ms (cache hit)
2538 http cache es-iterator-helpers@https://registry.npmjs.org/es-iterator-helpers/-/es-iterator-helpers-1.3.2.tgz 0ms (cache hit)
2539 http cache @babel/parser@https://registry.npmjs.org/@babel/parser/-/parser-7.29.7.tgz 0ms (cache hit)
2540 http cache string.prototype.includes@https://registry.npmjs.org/string.prototype.includes/-/string.prototype.includes-2.0.1.tgz 0ms (cache hit)
2541 http cache array.prototype.findlast@https://registry.npmjs.org/array.prototype.findlast/-/array.prototype.findlast-1.2.5.tgz 0ms (cache hit)
2542 http cache language-tags@https://registry.npmjs.org/language-tags/-/language-tags-1.0.9.tgz 0ms (cache hit)
2543 http cache jsx-ast-utils@https://registry.npmjs.org/jsx-ast-utils/-/jsx-ast-utils-3.3.5.tgz 0ms (cache hit)
2544 http cache damerau-levenshtein@https://registry.npmjs.org/damerau-levenshtein/-/damerau-levenshtein-1.0.8.tgz 0ms (cache hit)
2545 http cache axobject-query@https://registry.npmjs.org/axobject-query/-/axobject-query-4.1.0.tgz 0ms (cache hit)
2546 http cache axe-core@https://registry.npmjs.org/axe-core/-/axe-core-4.12.0.tgz 0ms (cache hit)
2547 http cache ast-types-flow@https://registry.npmjs.org/ast-types-flow/-/ast-types-flow-0.0.8.tgz 0ms (cache hit)
2548 http cache is-symbol@https://registry.npmjs.org/is-symbol/-/is-symbol-1.1.1.tgz 0ms (cache hit)
2549 http cache is-date-object@https://registry.npmjs.org/is-date-object/-/is-date-object-1.1.0.tgz 0ms (cache hit)
2550 http cache has-tostringtag@https://registry.npmjs.org/has-tostringtag/-/has-tostringtag-1.0.2.tgz 0ms (cache hit)
2551 http cache emoji-regex@https://registry.npmjs.org/emoji-regex/-/emoji-regex-9.2.2.tgz 0ms (cache hit)
2552 http cache possible-typed-array-names@https://registry.npmjs.org/possible-typed-array-names/-/possible-typed-array-names-1.1.0.tgz 0ms (cache hit)
2553 http cache which-typed-array@https://registry.npmjs.org/which-typed-array/-/which-typed-array-1.1.21.tgz 0ms (cache hit)
2554 http cache unbox-primitive@https://registry.npmjs.org/unbox-primitive/-/unbox-primitive-1.1.0.tgz 0ms (cache hit)
2555 http cache typed-array-length@https://registry.npmjs.org/typed-array-length/-/typed-array-length-1.0.8.tgz 0ms (cache hit)
2556 http cache typed-array-byte-offset@https://registry.npmjs.org/typed-array-byte-offset/-/typed-array-byte-offset-1.0.4.tgz 0ms (cache hit)
2557 http cache typed-array-byte-length@https://registry.npmjs.org/typed-array-byte-length/-/typed-array-byte-length-1.0.3.tgz 0ms (cache hit)
2558 http cache typed-array-buffer@https://registry.npmjs.org/typed-array-buffer/-/typed-array-buffer-1.0.3.tgz 0ms (cache hit)
2559 http cache array.prototype.tosorted@https://registry.npmjs.org/array.prototype.tosorted/-/array.prototype.tosorted-1.1.4.tgz 0ms (cache hit)
2560 http cache string.prototype.trimstart@https://registry.npmjs.org/string.prototype.trimstart/-/string.prototype.trimstart-1.0.8.tgz 0ms (cache hit)
2561 http cache string.prototype.trim@https://registry.npmjs.org/string.prototype.trim/-/string.prototype.trim-1.2.10.tgz 0ms (cache hit)
2562 http cache stop-iteration-iterator@https://registry.npmjs.org/stop-iteration-iterator/-/stop-iteration-iterator-1.1.0.tgz 0ms (cache hit)
2563 http cache safe-regex-test@https://registry.npmjs.org/safe-regex-test/-/safe-regex-test-1.1.0.tgz 0ms (cache hit)
2564 http cache safe-push-apply@https://registry.npmjs.org/safe-push-apply/-/safe-push-apply-1.0.0.tgz 0ms (cache hit)
2565 http cache safe-array-concat@https://registry.npmjs.org/safe-array-concat/-/safe-array-concat-1.1.4.tgz 0ms (cache hit)
2566 http cache regexp.prototype.flags@https://registry.npmjs.org/regexp.prototype.flags/-/regexp.prototype.flags-1.5.4.tgz 0ms (cache hit)
2567 http cache aria-query@https://registry.npmjs.org/aria-query/-/aria-query-5.3.2.tgz 0ms (cache hit)
2568 http cache own-keys@https://registry.npmjs.org/own-keys/-/own-keys-1.0.1.tgz 0ms (cache hit)
2569 http cache set-proto@https://registry.npmjs.org/set-proto/-/set-proto-1.0.0.tgz 0ms (cache hit)
2570 http cache object-inspect@https://registry.npmjs.org/object-inspect/-/object-inspect-1.13.4.tgz 0ms (cache hit)
2571 http cache is-typed-array@https://registry.npmjs.org/is-typed-array/-/is-typed-array-1.1.15.tgz 0ms (cache hit)
2572 http cache is-shared-array-buffer@https://registry.npmjs.org/is-shared-array-buffer/-/is-shared-array-buffer-1.0.4.tgz 0ms (cache hit)
2573 http cache object.assign@https://registry.npmjs.org/object.assign/-/object.assign-4.1.7.tgz 0ms (cache hit)
2574 http cache is-regex@https://registry.npmjs.org/is-regex/-/is-regex-1.2.1.tgz 0ms (cache hit)
2575 http cache is-data-view@https://registry.npmjs.org/is-data-view/-/is-data-view-1.0.2.tgz 0ms (cache hit)
2576 http cache is-array-buffer@https://registry.npmjs.org/is-array-buffer/-/is-array-buffer-3.0.5.tgz 0ms (cache hit)
2577 http cache internal-slot@https://registry.npmjs.org/internal-slot/-/internal-slot-1.1.0.tgz 0ms (cache hit)
2578 http cache has-symbols@https://registry.npmjs.org/has-symbols/-/has-symbols-1.1.0.tgz 0ms (cache hit)
2579 http cache is-callable@https://registry.npmjs.org/is-callable/-/is-callable-1.2.7.tgz 0ms (cache hit)
2580 http cache is-weakref@https://registry.npmjs.org/is-weakref/-/is-weakref-1.1.1.tgz 0ms (cache hit)
2581 http cache has-proto@https://registry.npmjs.org/has-proto/-/has-proto-1.2.0.tgz 0ms (cache hit)
2582 http cache is-set@https://registry.npmjs.org/is-set/-/is-set-2.0.3.tgz 0ms (cache hit)
2583 http cache globalthis@https://registry.npmjs.org/globalthis/-/globalthis-1.0.4.tgz 0ms (cache hit)
2584 http cache function.prototype.name@https://registry.npmjs.org/function.prototype.name/-/function.prototype.name-1.1.8.tgz 0ms (cache hit)
2585 http cache get-proto@https://registry.npmjs.org/get-proto/-/get-proto-1.0.1.tgz 0ms (cache hit)
2586 http cache es-to-primitive@https://registry.npmjs.org/es-to-primitive/-/es-to-primitive-1.3.0.tgz 0ms (cache hit)
2587 http cache is-negative-zero@https://registry.npmjs.org/is-negative-zero/-/is-negative-zero-2.0.3.tgz 0ms (cache hit)
2588 http cache es-set-tostringtag@https://registry.npmjs.org/es-set-tostringtag/-/es-set-tostringtag-2.1.0.tgz 0ms (cache hit)
2589 http cache data-view-byte-offset@https://registry.npmjs.org/data-view-byte-offset/-/data-view-byte-offset-1.0.1.tgz 0ms (cache hit)
2590 http cache get-symbol-description@https://registry.npmjs.org/get-symbol-description/-/get-symbol-description-1.1.0.tgz 0ms (cache hit)
2591 http cache array-buffer-byte-length@https://registry.npmjs.org/array-buffer-byte-length/-/array-buffer-byte-length-1.0.2.tgz 0ms (cache hit)
2592 http cache data-view-buffer@https://registry.npmjs.org/data-view-buffer/-/data-view-buffer-1.0.2.tgz 0ms (cache hit)
2593 http cache arraybuffer.prototype.slice@https://registry.npmjs.org/arraybuffer.prototype.slice/-/arraybuffer.prototype.slice-1.0.4.tgz 0ms (cache hit)
2594 http cache available-typed-arrays@https://registry.npmjs.org/available-typed-arrays/-/available-typed-arrays-1.0.7.tgz 0ms (cache hit)
2595 http cache gopd@https://registry.npmjs.org/gopd/-/gopd-1.2.0.tgz 0ms (cache hit)
2596 http cache object-keys@https://registry.npmjs.org/object-keys/-/object-keys-1.1.1.tgz 0ms (cache hit)
2597 http cache has-property-descriptors@https://registry.npmjs.org/has-property-descriptors/-/has-property-descriptors-1.0.2.tgz 0ms (cache hit)
2598 http cache function-bind@https://registry.npmjs.org/function-bind/-/function-bind-1.1.2.tgz 0ms (cache hit)
2599 http cache define-data-property@https://registry.npmjs.org/define-data-property/-/define-data-property-1.1.4.tgz 0ms (cache hit)
2600 http cache set-function-length@https://registry.npmjs.org/set-function-length/-/set-function-length-1.2.2.tgz 0ms (cache hit)
2601 http cache data-view-byte-length@https://registry.npmjs.org/data-view-byte-length/-/data-view-byte-length-1.0.2.tgz 0ms (cache hit)
2602 http cache call-bind-apply-helpers@https://registry.npmjs.org/call-bind-apply-helpers/-/call-bind-apply-helpers-1.0.2.tgz 0ms (cache hit)
2603 http cache math-intrinsics@https://registry.npmjs.org/math-intrinsics/-/math-intrinsics-1.1.0.tgz 0ms (cache hit)
2604 http cache es-errors@https://registry.npmjs.org/es-errors/-/es-errors-1.3.0.tgz 0ms (cache hit)
2605 http cache es-shim-unscopables@https://registry.npmjs.org/es-shim-unscopables/-/es-shim-unscopables-1.1.0.tgz 0ms (cache hit)
2606 http cache is-string@https://registry.npmjs.org/is-string/-/is-string-1.1.1.tgz 0ms (cache hit)
2607 http cache es-abstract@https://registry.npmjs.org/es-abstract/-/es-abstract-1.24.2.tgz 0ms (cache hit)
2608 http cache define-properties@https://registry.npmjs.org/define-properties/-/define-properties-1.2.1.tgz 0ms (cache hit)
2609 http cache es-define-property@https://registry.npmjs.org/es-define-property/-/es-define-property-1.0.1.tgz 0ms (cache hit)
2610 http cache get-intrinsic@https://registry.npmjs.org/get-intrinsic/-/get-intrinsic-1.3.0.tgz 0ms (cache hit)
2611 http cache call-bound@https://registry.npmjs.org/call-bound/-/call-bound-1.0.4.tgz 0ms (cache hit)
2612 http cache es-object-atoms@https://registry.npmjs.org/es-object-atoms/-/es-object-atoms-1.1.2.tgz 0ms (cache hit)
2613 http cache tsconfig-paths@https://registry.npmjs.org/tsconfig-paths/-/tsconfig-paths-3.15.0.tgz 0ms (cache hit)
2614 http cache string.prototype.trimend@https://registry.npmjs.org/string.prototype.trimend/-/string.prototype.trimend-1.0.9.tgz 0ms (cache hit)
2615 http cache call-bind@https://registry.npmjs.org/call-bind/-/call-bind-1.0.9.tgz 0ms (cache hit)
2616 http cache object.groupby@https://registry.npmjs.org/object.groupby/-/object.groupby-1.0.3.tgz 0ms (cache hit)
2617 http cache object.values@https://registry.npmjs.org/object.values/-/object.values-1.2.1.tgz 0ms (cache hit)
2618 http cache object.fromentries@https://registry.npmjs.org/object.fromentries/-/object.fromentries-2.0.8.tgz 0ms (cache hit)
2619 http cache hasown@https://registry.npmjs.org/hasown/-/hasown-2.0.4.tgz 0ms (cache hit)
2620 http cache eslint-module-utils@https://registry.npmjs.org/eslint-module-utils/-/eslint-module-utils-2.13.0.tgz 0ms (cache hit)
2621 http cache doctrine@https://registry.npmjs.org/doctrine/-/doctrine-2.1.0.tgz 0ms (cache hit)
2622 http cache array.prototype.flatmap@https://registry.npmjs.org/array.prototype.flatmap/-/array.prototype.flatmap-1.3.3.tgz 0ms (cache hit)
2623 http cache array.prototype.flat@https://registry.npmjs.org/array.prototype.flat/-/array.prototype.flat-1.3.3.tgz 0ms (cache hit)
2624 http cache array.prototype.findlastindex@https://registry.npmjs.org/array.prototype.findlastindex/-/array.prototype.findlastindex-1.2.6.tgz 0ms (cache hit)
2625 http cache array-includes@https://registry.npmjs.org/array-includes/-/array-includes-3.1.9.tgz 0ms (cache hit)
2626 http cache @rtsao/scc@https://registry.npmjs.org/@rtsao/scc/-/scc-1.1.0.tgz 0ms (cache hit)
2627 http cache unrs-resolver@https://registry.npmjs.org/unrs-resolver/-/unrs-resolver-1.12.2.tgz 0ms (cache hit)
2628 http cache tinyglobby@https://registry.npmjs.org/tinyglobby/-/tinyglobby-0.2.17.tgz 0ms (cache hit)
2629 http cache stable-hash@https://registry.npmjs.org/stable-hash/-/stable-hash-0.0.5.tgz 0ms (cache hit)
2630 http cache is-bun-module@https://registry.npmjs.org/is-bun-module/-/is-bun-module-2.0.0.tgz 0ms (cache hit)
2631 http cache get-tsconfig@https://registry.npmjs.org/get-tsconfig/-/get-tsconfig-4.14.0.tgz 0ms (cache hit)
2632 http cache @nolyfill/is-core-module@https://registry.npmjs.org/@nolyfill/is-core-module/-/is-core-module-1.0.39.tgz 0ms (cache hit)
2633 http cache resolve@https://registry.npmjs.org/resolve/-/resolve-2.0.0-next.7.tgz 0ms (cache hit)
2634 http cache fast-glob@https://registry.npmjs.org/fast-glob/-/fast-glob-3.3.1.tgz 0ms (cache hit)
2635 http cache is-core-module@https://registry.npmjs.org/is-core-module/-/is-core-module-2.16.2.tgz 0ms (cache hit)
2636 http cache typescript-eslint@https://registry.npmjs.org/typescript-eslint/-/typescript-eslint-8.60.1.tgz 0ms (cache hit)
2637 http cache eslint-plugin-react-hooks@https://registry.npmjs.org/eslint-plugin-react-hooks/-/eslint-plugin-react-hooks-7.1.1.tgz 0ms (cache hit)
2638 http cache eslint-plugin-jsx-a11y@https://registry.npmjs.org/eslint-plugin-jsx-a11y/-/eslint-plugin-jsx-a11y-6.10.2.tgz 0ms (cache hit)
2639 http cache eslint-plugin-react@https://registry.npmjs.org/eslint-plugin-react/-/eslint-plugin-react-7.37.5.tgz 0ms (cache hit)
2640 http cache eslint-plugin-import@https://registry.npmjs.org/eslint-plugin-import/-/eslint-plugin-import-2.32.0.tgz 0ms (cache hit)
2641 http cache eslint-import-resolver-typescript@https://registry.npmjs.org/eslint-import-resolver-typescript/-/eslint-import-resolver-typescript-3.10.1.tgz 0ms (cache hit)
2642 http cache eslint-import-resolver-node@https://registry.npmjs.org/eslint-import-resolver-node/-/eslint-import-resolver-node-0.3.10.tgz 0ms (cache hit)
2643 http cache @next/eslint-plugin-next@https://registry.npmjs.org/@next/eslint-plugin-next/-/eslint-plugin-next-16.2.7.tgz 0ms (cache hit)
2644 http cache ms@https://registry.npmjs.org/ms/-/ms-2.1.3.tgz 0ms (cache hit)
2645 http cache which@https://registry.npmjs.org/which/-/which-2.0.2.tgz 0ms (cache hit)
2646 http cache shebang-command@https://registry.npmjs.org/shebang-command/-/shebang-command-2.0.0.tgz 0ms (cache hit)
2647 http cache path-key@https://registry.npmjs.org/path-key/-/path-key-3.1.1.tgz 0ms (cache hit)
2648 http cache color-name@https://registry.npmjs.org/color-name/-/color-name-1.1.4.tgz 0ms (cache hit)
2649 http cache color-convert@https://registry.npmjs.org/color-convert/-/color-convert-2.0.1.tgz 0ms (cache hit)
2650 http cache supports-color@https://registry.npmjs.org/supports-color/-/supports-color-7.2.0.tgz 0ms (cache hit)
2651 http cache uri-js@https://registry.npmjs.org/uri-js/-/uri-js-4.4.1.tgz 0ms (cache hit)
2652 http cache ansi-styles@https://registry.npmjs.org/ansi-styles/-/ansi-styles-4.3.0.tgz 0ms (cache hit)
2653 http cache json-schema-traverse@https://registry.npmjs.org/json-schema-traverse/-/json-schema-traverse-0.4.1.tgz 0ms (cache hit)
2654 http cache fast-json-stable-stringify@https://registry.npmjs.org/fast-json-stable-stringify/-/fast-json-stable-stringify-2.1.0.tgz 0ms (cache hit)
2655 http cache @humanfs/types@https://registry.npmjs.org/@humanfs/types/-/types-0.15.0.tgz 0ms (cache hit)
2656 http cache @humanfs/core@https://registry.npmjs.org/@humanfs/core/-/core-0.19.2.tgz 0ms (cache hit)
2657 http cache levn@https://registry.npmjs.org/levn/-/levn-0.4.1.tgz 0ms (cache hit)
2658 http cache strip-json-comments@https://registry.npmjs.org/strip-json-comments/-/strip-json-comments-3.1.1.tgz 0ms (cache hit)
2659 http cache js-yaml@https://registry.npmjs.org/js-yaml/-/js-yaml-4.2.0.tgz 0ms (cache hit)
2660 http cache import-fresh@https://registry.npmjs.org/import-fresh/-/import-fresh-3.3.1.tgz 0ms (cache hit)
2661 http cache globals@https://registry.npmjs.org/globals/-/globals-14.0.0.tgz 0ms (cache hit)
2662 http cache @types/json-schema@https://registry.npmjs.org/@types/json-schema/-/json-schema-7.0.15.tgz 0ms (cache hit)
2663 http cache semver@https://registry.npmjs.org/semver/-/semver-6.3.1.tgz 0ms (cache hit)
2664 http cache @eslint/object-schema@https://registry.npmjs.org/@eslint/object-schema/-/object-schema-2.1.7.tgz 0ms (cache hit)
2665 http cache optionator@https://registry.npmjs.org/optionator/-/optionator-0.9.4.tgz 0ms (cache hit)
2666 http cache minimatch@https://registry.npmjs.org/minimatch/-/minimatch-3.1.5.tgz 0ms (cache hit)
2667 http cache lodash.merge@https://registry.npmjs.org/lodash.merge/-/lodash.merge-4.6.2.tgz 0ms (cache hit)
2668 http cache is-glob@https://registry.npmjs.org/is-glob/-/is-glob-4.0.3.tgz 0ms (cache hit)
2669 http cache imurmurhash@https://registry.npmjs.org/imurmurhash/-/imurmurhash-0.1.4.tgz 0ms (cache hit)
2670 http cache ignore@https://registry.npmjs.org/ignore/-/ignore-5.3.2.tgz 0ms (cache hit)
2671 http cache glob-parent@https://registry.npmjs.org/glob-parent/-/glob-parent-6.0.2.tgz 0ms (cache hit)
2672 http cache file-entry-cache@https://registry.npmjs.org/file-entry-cache/-/file-entry-cache-8.0.0.tgz 0ms (cache hit)
2673 http cache find-up@https://registry.npmjs.org/find-up/-/find-up-5.0.0.tgz 0ms (cache hit)
2674 http cache json-stable-stringify-without-jsonify@https://registry.npmjs.org/json-stable-stringify-without-jsonify/-/json-stable-stringify-without-jsonify-1.0.1.tgz 0ms (cache hit)
2675 http cache fast-deep-equal@https://registry.npmjs.org/fast-deep-equal/-/fast-deep-equal-3.1.3.tgz 0ms (cache hit)
2676 http cache eslint-visitor-keys@https://registry.npmjs.org/eslint-visitor-keys/-/eslint-visitor-keys-4.2.1.tgz 0ms (cache hit)
2677 http cache esutils@https://registry.npmjs.org/esutils/-/esutils-2.0.3.tgz 0ms (cache hit)
2678 http cache esquery@https://registry.npmjs.org/esquery/-/esquery-1.7.0.tgz 0ms (cache hit)
2679 http cache espree@https://registry.npmjs.org/espree/-/espree-10.4.0.tgz 0ms (cache hit)
2680 http cache escape-string-regexp@https://registry.npmjs.org/escape-string-regexp/-/escape-string-regexp-4.0.0.tgz 0ms (cache hit)
2681 http cache eslint-scope@https://registry.npmjs.org/eslint-scope/-/eslint-scope-8.4.0.tgz 0ms (cache hit)
2682 http cache natural-compare@https://registry.npmjs.org/natural-compare/-/natural-compare-1.4.0.tgz 0ms (cache hit)
2683 http cache debug@https://registry.npmjs.org/debug/-/debug-4.4.3.tgz 0ms (cache hit)
2684 http cache chalk@https://registry.npmjs.org/chalk/-/chalk-4.1.2.tgz 0ms (cache hit)
2685 http cache ajv@https://registry.npmjs.org/ajv/-/ajv-6.15.0.tgz 0ms (cache hit)
2686 http cache cross-spawn@https://registry.npmjs.org/cross-spawn/-/cross-spawn-7.0.6.tgz 0ms (cache hit)
2687 http cache @humanwhocodes/retry@https://registry.npmjs.org/@humanwhocodes/retry/-/retry-0.4.3.tgz 0ms (cache hit)
2688 http cache @humanwhocodes/module-importer@https://registry.npmjs.org/@humanwhocodes/module-importer/-/module-importer-1.0.1.tgz 0ms (cache hit)
2689 http cache @humanfs/node@https://registry.npmjs.org/@humanfs/node/-/node-0.16.8.tgz 0ms (cache hit)
2690 http cache @eslint/core@https://registry.npmjs.org/@eslint/core/-/core-0.17.0.tgz 0ms (cache hit)
2691 http cache @eslint/js@https://registry.npmjs.org/@eslint/js/-/js-9.39.4.tgz 0ms (cache hit)
2692 http cache @eslint/eslintrc@https://registry.npmjs.org/@eslint/eslintrc/-/eslintrc-3.3.5.tgz 0ms (cache hit)
2693 http cache @types/estree@https://registry.npmjs.org/@types/estree/-/estree-1.0.9.tgz 0ms (cache hit)
2694 http cache @eslint/plugin-kit@https://registry.npmjs.org/@eslint/plugin-kit/-/plugin-kit-0.4.1.tgz 0ms (cache hit)
2695 http cache @eslint/config-array@https://registry.npmjs.org/@eslint/config-array/-/config-array-0.21.2.tgz 0ms (cache hit)
2696 http cache @eslint-community/eslint-utils@https://registry.npmjs.org/@eslint-community/eslint-utils/-/eslint-utils-4.9.1.tgz 0ms (cache hit)
2697 http cache tapable@https://registry.npmjs.org/tapable/-/tapable-2.3.3.tgz 0ms (cache hit)
2698 http cache graceful-fs@https://registry.npmjs.org/graceful-fs/-/graceful-fs-4.2.11.tgz 0ms (cache hit)
2699 http cache csstype@https://registry.npmjs.org/csstype/-/csstype-3.2.3.tgz 0ms (cache hit)
2700 http cache @eslint/config-helpers@https://registry.npmjs.org/@eslint/config-helpers/-/config-helpers-0.4.2.tgz 0ms (cache hit)
2701 http cache @jridgewell/resolve-uri@https://registry.npmjs.org/@jridgewell/resolve-uri/-/resolve-uri-3.1.2.tgz 0ms (cache hit)
2702 http cache @tailwindcss/oxide-darwin-arm64@https://registry.npmjs.org/@tailwindcss/oxide-darwin-arm64/-/oxide-darwin-arm64-4.3.0.tgz 0ms (cache hit)
2703 http cache @jridgewell/trace-mapping@https://registry.npmjs.org/@jridgewell/trace-mapping/-/trace-mapping-0.3.31.tgz 0ms (cache hit)
2704 http cache @jridgewell/gen-mapping@https://registry.npmjs.org/@jridgewell/gen-mapping/-/gen-mapping-0.3.13.tgz 0ms (cache hit)
2705 http cache @eslint-community/regexpp@https://registry.npmjs.org/@eslint-community/regexpp/-/regexpp-4.12.2.tgz 0ms (cache hit)
2706 http cache @jridgewell/sourcemap-codec@https://registry.npmjs.org/@jridgewell/sourcemap-codec/-/sourcemap-codec-1.5.5.tgz 0ms (cache hit)
2707 http cache undici-types@https://registry.npmjs.org/undici-types/-/undici-types-6.21.0.tgz 0ms (cache hit)
2708 http cache lightningcss@https://registry.npmjs.org/lightningcss/-/lightningcss-1.32.0.tgz 0ms (cache hit)
2709 http cache enhanced-resolve@https://registry.npmjs.org/enhanced-resolve/-/enhanced-resolve-5.22.1.tgz 0ms (cache hit)
2710 http cache @jridgewell/remapping@https://registry.npmjs.org/@jridgewell/remapping/-/remapping-2.3.5.tgz 0ms (cache hit)
2711 http cache source-map-js@https://registry.npmjs.org/source-map-js/-/source-map-js-1.2.1.tgz 0ms (cache hit)
2712 http cache jiti@https://registry.npmjs.org/jiti/-/jiti-2.7.0.tgz 0ms (cache hit)
2713 http cache magic-string@https://registry.npmjs.org/magic-string/-/magic-string-0.30.21.tgz 0ms (cache hit)
2714 http cache @tailwindcss/oxide@https://registry.npmjs.org/@tailwindcss/oxide/-/oxide-4.3.0.tgz 0ms (cache hit)
2715 http cache @alloc/quick-lru@https://registry.npmjs.org/@alloc/quick-lru/-/quick-lru-5.2.0.tgz 0ms (cache hit)
2716 http cache tailwindcss@https://registry.npmjs.org/tailwindcss/-/tailwindcss-4.3.0.tgz 0ms (cache hit)
2717 http cache typescript@https://registry.npmjs.org/typescript/-/typescript-5.9.3.tgz 0ms (cache hit)
2718 http cache react-dom@https://registry.npmjs.org/react-dom/-/react-dom-19.2.4.tgz 0ms (cache hit)
2719 http cache postcss@https://registry.npmjs.org/postcss/-/postcss-8.5.15.tgz 0ms (cache hit)
2720 http cache next@https://registry.npmjs.org/next/-/next-16.2.7.tgz 0ms (cache hit)
2721 http cache react@https://registry.npmjs.org/react/-/react-19.2.4.tgz 0ms (cache hit)
2722 http cache lucide-react@https://registry.npmjs.org/lucide-react/-/lucide-react-1.17.0.tgz 0ms (cache hit)
2723 http cache @types/react-dom@https://registry.npmjs.org/@types/react-dom/-/react-dom-19.2.3.tgz 0ms (cache hit)
2724 http cache eslint@https://registry.npmjs.org/eslint/-/eslint-9.39.4.tgz 1ms (cache hit)
2725 http cache @tailwindcss/node@https://registry.npmjs.org/@tailwindcss/node/-/node-4.3.0.tgz 0ms (cache hit)
2726 http cache eslint-config-next@https://registry.npmjs.org/eslint-config-next/-/eslint-config-next-16.2.7.tgz 0ms (cache hit)
2727 http cache @tailwindcss/postcss@https://registry.npmjs.org/@tailwindcss/postcss/-/postcss-4.3.0.tgz 0ms (cache hit)
2728 http cache @types/node@https://registry.npmjs.org/@types/node/-/node-20.19.41.tgz 0ms (cache hit)
2729 http cache balanced-match@https://registry.npmjs.org/balanced-match/-/balanced-match-4.0.4.tgz 0ms (cache hit)
2730 http cache brace-expansion@https://registry.npmjs.org/brace-expansion/-/brace-expansion-5.0.6.tgz 0ms (cache hit)
2731 http cache eslint-visitor-keys@https://registry.npmjs.org/eslint-visitor-keys/-/eslint-visitor-keys-5.0.1.tgz 0ms (cache hit)
2732 http cache @types/react@https://registry.npmjs.org/@types/react/-/react-19.2.16.tgz 0ms (cache hit)
2733 http cache ignore@https://registry.npmjs.org/ignore/-/ignore-7.0.5.tgz 0ms (cache hit)
2734 http cache minimatch@https://registry.npmjs.org/minimatch/-/minimatch-10.2.5.tgz 0ms (cache hit)
2735 http cache json5@https://registry.npmjs.org/json5/-/json5-1.0.2.tgz 0ms (cache hit)
2736 http cache debug@https://registry.npmjs.org/debug/-/debug-3.2.7.tgz 0ms (cache hit)
2737 http cache picomatch@https://registry.npmjs.org/picomatch/-/picomatch-4.0.4.tgz 0ms (cache hit)
2738 http cache fdir@https://registry.npmjs.org/fdir/-/fdir-6.5.0.tgz 0ms (cache hit)
2739 http cache semver@https://registry.npmjs.org/semver/-/semver-7.8.1.tgz 0ms (cache hit)
2740 http cache semver@https://registry.npmjs.org/semver/-/semver-7.8.1.tgz 0ms (cache hit)
2741 http cache semver@https://registry.npmjs.org/semver/-/semver-7.8.1.tgz 0ms (cache hit)
2742 http cache glob-parent@https://registry.npmjs.org/glob-parent/-/glob-parent-5.1.2.tgz 0ms (cache hit)
2743 http cache debug@https://registry.npmjs.org/debug/-/debug-3.2.7.tgz 0ms (cache hit)
2744 http cache postcss@https://registry.npmjs.org/postcss/-/postcss-8.4.31.tgz 0ms (cache hit)
2745 http cache eslint-visitor-keys@https://registry.npmjs.org/eslint-visitor-keys/-/eslint-visitor-keys-3.4.3.tgz 0ms (cache hit)
2746 http cache globals@https://registry.npmjs.org/globals/-/globals-16.4.0.tgz 0ms (cache hit)
2747 http cache debug@https://registry.npmjs.org/debug/-/debug-3.2.7.tgz 0ms (cache hit)
2748 http fetch POST 200 https://registry.npmjs.org/-/npm/v1/security/advisories/bulk 1006ms
2749 silly audit report {
2749 silly audit report   postcss: [
2749 silly audit report     {
2749 silly audit report       id: 1117015,
2749 silly audit report       url: 'https://github.com/advisories/GHSA-qx2v-qp2m-jg93',
2749 silly audit report       title: 'PostCSS has XSS via Unescaped </style> in its CSS Stringify Output',
2749 silly audit report       severity: 'moderate',
2749 silly audit report       vulnerable_versions: '<8.5.10',
2749 silly audit report       cwe: [Array],
2749 silly audit report       cvss: [Object]
2749 silly audit report     }
2749 silly audit report   ]
2749 silly audit report }
2750 silly packumentCache corgi:https://registry.npmjs.org/postcss cache-miss
2751 http cache https://registry.npmjs.org/postcss 7ms (cache hit)
2752 silly packumentCache corgi:https://registry.npmjs.org/postcss set size:344717 disposed:false
2753 silly packumentCache corgi:https://registry.npmjs.org/next cache-miss
2754 http cache https://registry.npmjs.org/next 37ms (cache hit)
2755 silly packumentCache corgi:https://registry.npmjs.org/next set size:25113801 disposed:false
2756 info run sharp@0.34.5 install node_modules/sharp node install/check.js || npm run build
2757 info run sharp@0.34.5 install { code: 0, signal: null }
2758 info run unrs-resolver@1.12.2 postinstall node_modules/unrs-resolver node postinstall.js
2759 info run unrs-resolver@1.12.2 postinstall { code: 0, signal: null }
2760 silly ADD node_modules/is-weakset
2761 silly ADD node_modules/is-weakmap
2762 silly ADD node_modules/is-map
2763 silly ADD node_modules/generator-function
2764 silly ADD node_modules/async-function
2765 silly ADD node_modules/which-collection
2766 silly ADD node_modules/is-generator-function
2767 silly ADD node_modules/is-finalizationregistry
2768 silly ADD node_modules/is-async-function
2769 silly ADD node_modules/is-number-object
2770 silly ADD node_modules/is-boolean-object
2771 silly ADD node_modules/is-bigint
2772 silly ADD node_modules/isexe
2773 silly ADD node_modules/punycode
2774 silly ADD node_modules/escalade
2775 silly ADD node_modules/napi-postinstall
2776 silly ADD node_modules/@unrs/resolver-binding-darwin-arm64
2777 silly ADD node_modules/which-boxed-primitive
2778 silly ADD node_modules/has-bigints
2779 silly ADD node_modules/@typescript-eslint/tsconfig-utils
2780 silly ADD node_modules/@typescript-eslint/project-service
2781 silly ADD node_modules/@typescript-eslint/types
2782 silly ADD node_modules/ts-api-utils
2783 silly ADD node_modules/@typescript-eslint/visitor-keys
2784 silly ADD node_modules/@typescript-eslint/visitor-keys/node_modules/eslint-visitor-keys
2785 silly ADD node_modules/@typescript-eslint/type-utils
2786 silly ADD node_modules/@typescript-eslint/scope-manager
2787 silly ADD node_modules/@typescript-eslint/utils
2788 silly ADD node_modules/@typescript-eslint/typescript-estree
2789 silly ADD node_modules/@typescript-eslint/typescript-estree/node_modules/balanced-match
2790 silly ADD node_modules/@typescript-eslint/typescript-estree/node_modules/brace-expansion
2791 silly ADD node_modules/@typescript-eslint/typescript-estree/node_modules/semver
2792 silly ADD node_modules/@typescript-eslint/typescript-estree/node_modules/minimatch
2793 silly ADD node_modules/@typescript-eslint/parser
2794 silly ADD node_modules/@typescript-eslint/eslint-plugin
2795 silly ADD node_modules/@typescript-eslint/eslint-plugin/node_modules/ignore
2796 silly ADD node_modules/which-builtin-type
2797 silly ADD node_modules/reflect.getprototypeof
2798 silly ADD node_modules/for-each
2799 silly ADD node_modules/strip-bom
2800 silly ADD node_modules/minimist
2801 silly ADD node_modules/@types/json5
2802 silly ADD node_modules/is-number
2803 silly ADD node_modules/has-flag
2804 silly ADD node_modules/client-only
2805 silly ADD node_modules/side-channel-weakmap
2806 silly ADD node_modules/side-channel-map
2807 silly ADD node_modules/side-channel-list
2808 silly ADD node_modules/shebang-regex
2809 silly ADD node_modules/@img/sharp-libvips-darwin-arm64
2810 silly ADD node_modules/@img/sharp-darwin-arm64
2811 silly ADD node_modules/@img/colour
2812 silly ADD node_modules/isarray
2813 silly ADD node_modules/queue-microtask
2814 silly ADD node_modules/supports-preserve-symlinks-flag
2815 silly ADD node_modules/path-parse
2816 silly ADD node_modules/node-exports-info
2817 silly ADD node_modules/scheduler
2818 silly ADD node_modules/react-is
2819 silly ADD node_modules/object-assign
2820 silly ADD node_modules/loose-envify
2821 silly ADD node_modules/nanoid
2822 silly ADD node_modules/callsites
2823 silly ADD node_modules/yocto-queue
2824 silly ADD node_modules/p-limit
2825 silly ADD node_modules/word-wrap
2826 silly ADD node_modules/fast-levenshtein
2827 silly ADD node_modules/deep-is
2828 silly ADD node_modules/tslib
2829 silly ADD node_modules/styled-jsx
2830 silly ADD node_modules/sharp
2831 silly ADD node_modules/sharp/node_modules/semver
2832 silly ADD node_modules/@swc/helpers
2833 silly ADD node_modules/@next/swc-darwin-arm64
2834 silly ADD node_modules/@next/env
2835 silly ADD node_modules/concat-map
2836 silly ADD node_modules/balanced-match
2837 silly ADD node_modules/brace-expansion
2838 silly ADD node_modules/to-regex-range
2839 silly ADD node_modules/fill-range
2840 silly ADD node_modules/picomatch
2841 silly ADD node_modules/braces
2842 silly ADD node_modules/yallist
2843 silly ADD node_modules/p-locate
2844 silly ADD node_modules/lightningcss-darwin-arm64
2845 silly ADD node_modules/detect-libc
2846 silly ADD node_modules/type-check
2847 silly ADD node_modules/prelude-ls
2848 silly ADD node_modules/language-subtag-registry
2849 silly ADD node_modules/json-buffer
2850 silly ADD node_modules/argparse
2851 silly ADD node_modules/set-function-name
2852 silly ADD node_modules/is-extglob
2853 silly ADD node_modules/side-channel
2854 silly ADD node_modules/resolve-from
2855 silly ADD node_modules/parent-module
2856 silly ADD node_modules/hermes-estree
2857 silly ADD node_modules/resolve-pkg-maps
2858 silly ADD node_modules/dunder-proto
2859 silly ADD node_modules/functions-have-names
2860 silly ADD node_modules/keyv
2861 silly ADD node_modules/flatted
2862 silly ADD node_modules/path-exists
2863 silly ADD node_modules/locate-path
2864 silly ADD node_modules/flat-cache
2865 silly ADD node_modules/reusify
2866 silly ADD node_modules/run-parallel
2867 silly ADD node_modules/fastq
2868 silly ADD node_modules/@nodelib/fs.scandir
2869 silly ADD node_modules/micromatch
2870 silly ADD node_modules/merge2
2871 silly ADD node_modules/@nodelib/fs.walk
2872 silly ADD node_modules/@nodelib/fs.stat
2873 silly ADD node_modules/acorn-jsx
2874 silly ADD node_modules/acorn
2875 silly ADD node_modules/esrecurse
2876 silly ADD node_modules/update-browserslist-db
2877 silly ADD node_modules/node-releases
2878 silly ADD node_modules/electron-to-chromium
2879 silly ADD node_modules/caniuse-lite
2880 silly ADD node_modules/baseline-browser-mapping
2881 silly ADD node_modules/@babel/helper-string-parser
2882 silly ADD node_modules/@babel/helper-globals
2883 silly ADD node_modules/@babel/helper-module-imports
2884 silly ADD node_modules/lru-cache
2885 silly ADD node_modules/browserslist
2886 silly ADD node_modules/@babel/helper-validator-option
2887 silly ADD node_modules/@babel/compat-data
2888 silly ADD node_modules/jsesc
2889 silly ADD node_modules/picocolors
2890 silly ADD node_modules/js-tokens
2891 silly ADD node_modules/@babel/helper-validator-identifier
2892 silly ADD node_modules/json5
2893 silly ADD node_modules/gensync
2894 silly ADD node_modules/convert-source-map
2895 silly ADD node_modules/@babel/types
2896 silly ADD node_modules/@babel/traverse
2897 silly ADD node_modules/@babel/template
2898 silly ADD node_modules/@babel/helpers
2899 silly ADD node_modules/@babel/helper-module-transforms
2900 silly ADD node_modules/@babel/helper-compilation-targets
2901 silly ADD node_modules/@babel/generator
2902 silly ADD node_modules/@babel/code-frame
2903 silly ADD node_modules/zod-validation-error
2904 silly ADD node_modules/zod
2905 silly ADD node_modules/hermes-parser
2906 silly ADD node_modules/@babel/parser
2907 silly ADD node_modules/@babel/core
2908 silly ADD node_modules/iterator.prototype
2909 silly ADD node_modules/string.prototype.repeat
2910 silly ADD node_modules/string.prototype.matchall
2911 silly ADD node_modules/prop-types
2912 silly ADD node_modules/object.entries
2913 silly ADD node_modules/estraverse
2914 silly ADD node_modules/es-iterator-helpers
2915 silly ADD node_modules/array.prototype.tosorted
2916 silly ADD node_modules/array.prototype.findlast
2917 silly ADD node_modules/string.prototype.includes
2918 silly ADD node_modules/language-tags
2919 silly ADD node_modules/jsx-ast-utils
2920 silly ADD node_modules/emoji-regex
2921 silly ADD node_modules/damerau-levenshtein
2922 silly ADD node_modules/axobject-query
2923 silly ADD node_modules/axe-core
2924 silly ADD node_modules/ast-types-flow
2925 silly ADD node_modules/aria-query
2926 silly ADD node_modules/is-symbol
2927 silly ADD node_modules/is-date-object
2928 silly ADD node_modules/has-tostringtag
2929 silly ADD node_modules/possible-typed-array-names
2930 silly ADD node_modules/which-typed-array
2931 silly ADD node_modules/unbox-primitive
2932 silly ADD node_modules/typed-array-length
2933 silly ADD node_modules/typed-array-byte-offset
2934 silly ADD node_modules/typed-array-byte-length
2935 silly ADD node_modules/typed-array-buffer
2936 silly ADD node_modules/string.prototype.trimstart
2937 silly ADD node_modules/string.prototype.trim
2938 silly ADD node_modules/stop-iteration-iterator
2939 silly ADD node_modules/set-proto
2940 silly ADD node_modules/safe-regex-test
2941 silly ADD node_modules/safe-push-apply
2942 silly ADD node_modules/safe-array-concat
2943 silly ADD node_modules/regexp.prototype.flags
2944 silly ADD node_modules/own-keys
2945 silly ADD node_modules/object.assign
2946 silly ADD node_modules/object-inspect
2947 silly ADD node_modules/is-weakref
2948 silly ADD node_modules/is-typed-array
2949 silly ADD node_modules/is-shared-array-buffer
2950 silly ADD node_modules/is-set
2951 silly ADD node_modules/is-regex
2952 silly ADD node_modules/is-negative-zero
2953 silly ADD node_modules/is-data-view
2954 silly ADD node_modules/is-callable
2955 silly ADD node_modules/is-array-buffer
2956 silly ADD node_modules/internal-slot
2957 silly ADD node_modules/has-symbols
2958 silly ADD node_modules/has-proto
2959 silly ADD node_modules/globalthis
2960 silly ADD node_modules/get-symbol-description
2961 silly ADD node_modules/get-proto
2962 silly ADD node_modules/function.prototype.name
2963 silly ADD node_modules/es-to-primitive
2964 silly ADD node_modules/es-set-tostringtag
2965 silly ADD node_modules/data-view-byte-offset
2966 silly ADD node_modules/data-view-byte-length
2967 silly ADD node_modules/data-view-buffer
2968 silly ADD node_modules/available-typed-arrays
2969 silly ADD node_modules/arraybuffer.prototype.slice
2970 silly ADD node_modules/array-buffer-byte-length
2971 silly ADD node_modules/gopd
2972 silly ADD node_modules/object-keys
2973 silly ADD node_modules/has-property-descriptors
2974 silly ADD node_modules/define-data-property
2975 silly ADD node_modules/function-bind
2976 silly ADD node_modules/set-function-length
2977 silly ADD node_modules/es-define-property
2978 silly ADD node_modules/call-bind-apply-helpers
2979 silly ADD node_modules/es-shim-unscopables
2980 silly ADD node_modules/es-errors
2981 silly ADD node_modules/math-intrinsics
2982 silly ADD node_modules/is-string
2983 silly ADD node_modules/get-intrinsic
2984 silly ADD node_modules/es-object-atoms
2985 silly ADD node_modules/es-abstract
2986 silly ADD node_modules/define-properties
2987 silly ADD node_modules/call-bound
2988 silly ADD node_modules/call-bind
2989 silly ADD node_modules/tsconfig-paths
2990 silly ADD node_modules/tsconfig-paths/node_modules/json5
2991 silly ADD node_modules/string.prototype.trimend
2992 silly ADD node_modules/semver
2993 silly ADD node_modules/object.values
2994 silly ADD node_modules/object.groupby
2995 silly ADD node_modules/object.fromentries
2996 silly ADD node_modules/hasown
2997 silly ADD node_modules/eslint-module-utils
2998 silly ADD node_modules/eslint-module-utils/node_modules/debug
2999 silly ADD node_modules/doctrine
3000 silly ADD node_modules/array.prototype.flatmap
3001 silly ADD node_modules/array.prototype.flat
3002 silly ADD node_modules/array.prototype.findlastindex
3003 silly ADD node_modules/array-includes
3004 silly ADD node_modules/@rtsao/scc
3005 silly ADD node_modules/unrs-resolver
3006 silly ADD node_modules/tinyglobby
3007 silly ADD node_modules/tinyglobby/node_modules/picomatch
3008 silly ADD node_modules/tinyglobby/node_modules/fdir
3009 silly ADD node_modules/stable-hash
3010 silly ADD node_modules/is-bun-module
3011 silly ADD node_modules/is-bun-module/node_modules/semver
3012 silly ADD node_modules/get-tsconfig
3013 silly ADD node_modules/@nolyfill/is-core-module
3014 silly ADD node_modules/resolve
3015 silly ADD node_modules/is-core-module
3016 silly ADD node_modules/fast-glob
3017 silly ADD node_modules/fast-glob/node_modules/glob-parent
3018 silly ADD node_modules/typescript-eslint
3019 silly ADD node_modules/eslint-plugin-react-hooks
3020 silly ADD node_modules/eslint-plugin-react
3021 silly ADD node_modules/eslint-plugin-jsx-a11y
3022 silly ADD node_modules/eslint-plugin-import
3023 silly ADD node_modules/eslint-plugin-import/node_modules/debug
3024 silly ADD node_modules/eslint-import-resolver-typescript
3025 silly ADD node_modules/eslint-import-resolver-node
3026 silly ADD node_modules/eslint-import-resolver-node/node_modules/debug
3027 silly ADD node_modules/@next/eslint-plugin-next
3028 silly ADD node_modules/ms
3029 silly ADD node_modules/which
3030 silly ADD node_modules/shebang-command
3031 silly ADD node_modules/path-key
3032 silly ADD node_modules/color-name
3033 silly ADD node_modules/color-convert
3034 silly ADD node_modules/supports-color
3035 silly ADD node_modules/ansi-styles
3036 silly ADD node_modules/uri-js
3037 silly ADD node_modules/json-schema-traverse
3038 silly ADD node_modules/fast-json-stable-stringify
3039 silly ADD node_modules/@humanfs/types
3040 silly ADD node_modules/@humanfs/core
3041 silly ADD node_modules/levn
3042 silly ADD node_modules/strip-json-comments
3043 silly ADD node_modules/js-yaml
3044 silly ADD node_modules/import-fresh
3045 silly ADD node_modules/globals
3046 silly ADD node_modules/@types/json-schema
3047 silly ADD node_modules/@eslint/object-schema
3048 silly ADD node_modules/optionator
3049 silly ADD node_modules/natural-compare
3050 silly ADD node_modules/minimatch
3051 silly ADD node_modules/lodash.merge
3052 silly ADD node_modules/json-stable-stringify-without-jsonify
3053 silly ADD node_modules/is-glob
3054 silly ADD node_modules/imurmurhash
3055 silly ADD node_modules/ignore
3056 silly ADD node_modules/glob-parent
3057 silly ADD node_modules/find-up
3058 silly ADD node_modules/file-entry-cache
3059 silly ADD node_modules/fast-deep-equal
3060 silly ADD node_modules/esutils
3061 silly ADD node_modules/esquery
3062 silly ADD node_modules/espree
3063 silly ADD node_modules/eslint-visitor-keys
3064 silly ADD node_modules/eslint-scope
3065 silly ADD node_modules/escape-string-regexp
3066 silly ADD node_modules/debug
3067 silly ADD node_modules/cross-spawn
3068 silly ADD node_modules/chalk
3069 silly ADD node_modules/ajv
3070 silly ADD node_modules/@types/estree
3071 silly ADD node_modules/@humanwhocodes/retry
3072 silly ADD node_modules/@humanwhocodes/module-importer
3073 silly ADD node_modules/@humanfs/node
3074 silly ADD node_modules/@eslint/plugin-kit
3075 silly ADD node_modules/@eslint/js
3076 silly ADD node_modules/@eslint/eslintrc
3077 silly ADD node_modules/@eslint/core
3078 silly ADD node_modules/@eslint/config-helpers
3079 silly ADD node_modules/@eslint/config-array
3080 silly ADD node_modules/@eslint-community/regexpp
3081 silly ADD node_modules/@eslint-community/eslint-utils
3082 silly ADD node_modules/@eslint-community/eslint-utils/node_modules/eslint-visitor-keys
3083 silly ADD node_modules/tapable
3084 silly ADD node_modules/graceful-fs
3085 silly ADD node_modules/csstype
3086 silly ADD node_modules/undici-types
3087 silly ADD node_modules/@tailwindcss/oxide-darwin-arm64
3088 silly ADD node_modules/@jridgewell/resolve-uri
3089 silly ADD node_modules/@jridgewell/sourcemap-codec
3090 silly ADD node_modules/@jridgewell/trace-mapping
3091 silly ADD node_modules/@jridgewell/gen-mapping
3092 silly ADD node_modules/source-map-js
3093 silly ADD node_modules/magic-string
3094 silly ADD node_modules/lightningcss
3095 silly ADD node_modules/jiti
3096 silly ADD node_modules/enhanced-resolve
3097 silly ADD node_modules/@jridgewell/remapping
3098 silly ADD node_modules/postcss
3099 silly ADD node_modules/@tailwindcss/oxide
3100 silly ADD node_modules/@tailwindcss/node
3101 silly ADD node_modules/@alloc/quick-lru
3102 silly ADD node_modules/typescript
3103 silly ADD node_modules/tailwindcss
3104 silly ADD node_modules/react-dom
3105 silly ADD node_modules/next
3106 silly ADD node_modules/next/node_modules/postcss
3107 silly ADD node_modules/react
3108 silly ADD node_modules/lucide-react
3109 silly ADD node_modules/eslint-config-next
3110 silly ADD node_modules/eslint-config-next/node_modules/globals
3111 silly ADD node_modules/eslint
3112 silly ADD node_modules/@types/react-dom
3113 silly ADD node_modules/@types/react
3114 silly ADD node_modules/@types/node
3115 silly ADD node_modules/@tailwindcss/postcss
3116 verbose cwd /Users/jaysharma/Desktop/EDBA Vishal Website
3117 verbose os Darwin 25.5.0
3118 verbose node v24.16.0
3119 verbose npm  v11.13.0
3120 verbose exit 0
3121 info ok
